,region,neighbors
0,Acton,"Agua Dulce, Angeles Crest, Palmdale, Southeast Antelope Valley, Tujunga Canyons"
1,Adams-Normandie,"Exposition Park, Harvard Heights, Jefferson Park, Pico-Union, University Park"
2,Agoura Hills,"Calabasas, Unincorporated Santa Monica Mountains, Westlake Village"
3,Agua Dulce,"Acton, Castaic Canyons, Palmdale, Tujunga Canyons"
4,Alhambra,"El Sereno, Monterey Park, San Gabriel, San Marino, South Pasadena"
5,Alondra Park,"Hawthorne, Lawndale, Torrance"
6,Altadena,"Angeles Crest, Pasadena"
7,Angeles Crest,"Acton, Altadena, Azusa, Claremont, Duarte, Glendora, La Verne, Monrovia, Pasadena, San Dimas, Sierra Madre, Southeast Antelope Valley, Tujunga Canyons"
8,Arcadia,"East Pasadena, East San Gabriel, El Monte, Irwindale, Mayflower Village, Monrovia, North El Monte, Pasadena, Sierra Madre, Temple City"
9,Arleta,"Mission Hills, Pacoima, Panorama City, Sun Valley"
10,Arlington Heights,"Harvard Heights, Jefferson Park, Koreatown, Mid-City, Mid-Wilshire, West Adams"
11,Artesia,Cerritos
12,Athens,"Gardena, Harbor Gateway, Hawthorne, Inglewood, Vermont Vista, Westmont"
13,Atwater Village,"Elysian Valley, Glassell Park, Glendale, Griffith Park, Silver Lake"
14,Avalon,Unincorporated Catalina Island
15,Avocado Heights,"El Monte, Industry, South El Monte, Whittier Narrows"
16,Azusa,"Angeles Crest, Citrus, Duarte, Glendora, Irwindale, Vincent"
17,Baldwin Hills/Crenshaw,"Culver City, Jefferson Park, Ladera Heights, Leimert Park, View Park-Windsor Hills, West Adams"
18,Baldwin Park,"El Monte, Industry, Irwindale, West Covina, West Puente Valley"
19,Bel-Air,"Beverly Crest, Brentwood, Encino, Sherman Oaks, Westwood"
20,Bellflower,"Cerritos, Downey, Lakewood, Long Beach, Norwalk, Paramount"
21,Bell Gardens,"Bell, Commerce, Cudahy, Downey, South Gate"
22,Bell,"Bell Gardens, Commerce, Cudahy, Huntington Park, Maywood, Vernon"
23,Beverly Crest,"Bel-Air, Beverly Hills, Hollywood Hills West, Sherman Oaks, Studio City, Westwood"
24,Beverly Grove,"Beverly Hills, Carthay, Fairfax, Mid-Wilshire, West Hollywood"
25,Beverly Hills,"Beverly Crest, Beverly Grove, Carthay, Century City, Hollywood Hills West, Pico-Robertson, West Hollywood, Westwood"
26,Beverlywood,"Cheviot Hills, Mid-City, Palms, Pico-Robertson"
27,Boyle Heights,"Commerce, Downtown, East Los Angeles, El Sereno, Lincoln Heights, Vernon"
28,Bradbury,"Duarte, Monrovia"
29,Brentwood,"Bel-Air, Encino, Pacific Palisades, Santa Monica, Sawtelle, Sherman Oaks, Tarzana, Veterans Administration, Westwood"
30,Broadway-Manchester,"Florence, Green Meadows, Harbor Gateway, Vermont Knolls, Vermont Vista, Willowbrook"
31,Burbank,"Glendale, Griffith Park, Hollywood Hills, North Hollywood, Shadow Hills, Sun Valley, Toluca Lake, Universal City"
32,Calabasas,"Agoura Hills, Hidden Hills, Topanga, Unincorporated Santa Monica Mountains, Woodland Hills"
33,Canoga Park,"Chatsworth, Chatsworth Reservoir, West Hills, Winnetka, Woodland Hills"
34,Carson,"Compton, Harbor City, Harbor Gateway, Long Beach, Rancho Dominguez, West Carson, West Compton, Wilmington"
35,Carthay,"Beverly Grove, Beverly Hills, Mid-City, Mid-Wilshire, Pico-Robertson"
36,Castaic Canyons,"Agua Dulce, Castaic, Elizabeth Lake, Green Valley, Lake Hughes, Leona Valley, Northwest Antelope Valley, Palmdale, Ridge Route, Santa Clarita, Tujunga Canyons, Unincorporated Santa Susana Mountains"
37,Castaic,"Castaic Canyons, Hasley Canyon, Ridge Route, Unincorporated Santa Susana Mountains"
38,Central-Alameda,"Downtown, Florence-Firestone, Historic South-Central, Huntington Park, South Park, Vernon"
39,Century City,"Beverly Hills, Cheviot Hills, Pico-Robertson, West Los Angeles, Westwood"
40,Cerritos,"Artesia, Bellflower, Lakewood, Norwalk, Santa Fe Springs"
41,Charter Oak,"Covina, Glendora, San Dimas"
42,Chatsworth,"Canoga Park, Chatsworth Reservoir, Northridge, Porter Ranch, Unincorporated Santa Susana Mountains, West Hills, Winnetka"
43,Chatsworth Reservoir,"Canoga Park, Chatsworth, West Hills"
44,Chesterfield Square,"Harvard Park, Hyde Park, Manchester Square, Vermont Square"
45,Cheviot Hills,"Beverlywood, Century City, Palms, Pico-Robertson, Rancho Park, West Los Angeles"
46,Chinatown,"Downtown, Lincoln Heights"
47,Citrus,"Azusa, Covina, Glendora"
48,Claremont,"Angeles Crest, La Verne, Pomona"
49,Commerce,"Bell Gardens, Bell, Boyle Heights, Downey, East Los Angeles, Montebello, Pico Rivera, Vernon"
50,Compton,"Carson, East Compton, Long Beach, Lynwood, Paramount, Rancho Dominguez, West Compton, Willowbrook"
51,Covina,"Charter Oak, Citrus, Glendora, Ramona, San Dimas, Vincent, West Covina"
52,Cudahy,"Bell Gardens, Bell, Huntington Park, South Gate"
53,Culver City,"Baldwin Hills/Crenshaw, Del Rey, Ladera Heights, Mar Vista, Mid-City, Palms, Playa Vista, Venice, West Adams, Westchester"
54,Cypress Park,"Elysian Park, Elysian Valley, Glassell Park, Highland Park, Lincoln Heights, Montecito Heights, Mount Washington"
55,Del Aire,"El Segundo, Hawthorne, Westchester"
56,Del Rey,"Culver City, Marina del Rey, Mar Vista, Playa Vista, Venice"
57,Desert View Highlands,Palmdale
58,Diamond Bar,"Industry, Pomona, South Diamond Bar"
59,Downey,"Bellflower, Bell Gardens, Commerce, Norwalk, Paramount, Pico Rivera, Santa Fe Springs, South Gate"
60,Downtown,"Boyle Heights, Central-Alameda, Chinatown, Echo Park, Historic South-Central, Lincoln Heights, Pico-Union, University Park, Vernon, Westlake"
61,Duarte,"Angeles Crest, Azusa, Bradbury, Irwindale, Mayflower Village, Monrovia"
62,Eagle Rock,"Glassell Park, Glendale, Highland Park, Mount Washington, Pasadena"
63,East Compton,"Compton, Lynwood, Paramount"
64,East Hollywood,"Hollywood, Koreatown, Larchmont, Los Feliz, Silver Lake, Westlake"
65,East La Mirada,"La Mirada, Whittier"
66,East Los Angeles,"Boyle Heights, Commerce, El Sereno, Montebello, Monterey Park"
67,East Pasadena,"Arcadia, East San Gabriel, Pasadena, San Marino"
68,East San Gabriel,"Arcadia, East Pasadena, Rosemead, San Gabriel, San Marino, South San Gabriel, Temple City"
69,Echo Park,"Downtown, Elysian Park, Elysian Valley, Silver Lake, Westlake"
70,Elizabeth Lake,"Castaic Canyons, Lake Hughes, Leona Valley, Northwest Antelope Valley"
71,El Monte,"Arcadia, Avocado Heights, Baldwin Park, Industry, Irwindale, North El Monte, Rosemead, South El Monte, Temple City"
72,El Segundo,"Del Aire, Hawthorne, Manhattan Beach, Playa del Rey, Westchester"
73,El Sereno,"Alhambra, Boyle Heights, East Los Angeles, Lincoln Heights, Montecito Heights, Monterey Park, South Pasadena"
74,Elysian Park,"Cypress Park, Echo Park, Elysian Valley, Lincoln Heights"
75,Elysian Valley,"Atwater Village, Cypress Park, Echo Park, Elysian Park, Glassell Park, Silver Lake"
76,Encino,"Bel-Air, Brentwood, Lake Balboa, Pacific Palisades, Reseda, Sepulveda Basin, Sherman Oaks, Tarzana"
77,Exposition Park,"Adams-Normandie, Historic South-Central, Jefferson Park, Leimert Park, University Park, Vermont Square"
78,Fairfax,"Beverly Grove, Hancock Park"
79,Florence-Firestone,"Central-Alameda, Green Meadows, Huntington Park, Lynwood, South Gate, Walnut Park, Watts"
80,Florence,"Broadway-Manchester, Green Meadows, South Park, Vermont Knolls, Vermont-Slauson, Vermont Vista"
81,Gardena,"Athens, Harbor Gateway, Hawthorne, Torrance"
82,Glassell Park,"Atwater Village, Cypress Park, Eagle Rock, Elysian Valley, Glendale, Mount Washington"
83,Glendale,"Atwater Village, Burbank, Eagle Rock, Glassell Park, Griffith Park, La Canada Flintridge, La Crescenta-Montrose, Pasadena, Shadow Hills, Tujunga Canyons, Tujunga"
84,Glendora,"Angeles Crest, Azusa, Charter Oak, Citrus, Covina, San Dimas"
85,Gramercy Park,"Inglewood, Manchester Square, Vermont Knolls, Westmont"
86,Granada Hills,"Mission Hills, North Hills, Northridge, Porter Ranch, Sylmar, Unincorporated Santa Susana Mountains"
87,Green Meadows,"Broadway-Manchester, Florence-Firestone, Florence, Watts, Willowbrook"
88,Green Valley,Castaic Canyons
89,Griffith Park,"Atwater Village, Burbank, Glendale, Hollywood Hills, Los Feliz, Silver Lake"
90,Hacienda Heights,"Industry, North Whittier, Rowland Heights, Whittier"
91,Hancock Park,"Fairfax, Larchmont, Mid-Wilshire, Windsor Square"
92,Hansen Dam,"Lake View Terrace, Pacoima, Shadow Hills"
93,Harbor City,"Carson, Harbor Gateway, Lomita, San Pedro, Torrance, West Carson, Wilmington"
94,Harbor Gateway,"Athens, Broadway-Manchester, Carson, Gardena, Harbor City, Torrance, Vermont Vista, West Carson, West Compton, Willowbrook"
95,Harvard Heights,"Adams-Normandie, Arlington Heights, Jefferson Park, Koreatown, Pico-Union"
96,Harvard Park,"Chesterfield Square, Manchester Square, Vermont Knolls, Vermont-Slauson, Vermont Square"
97,Hasley Canyon,"Castaic, Ridge Route, Unincorporated Santa Susana Mountains"
98,Hawaiian Gardens,"Lakewood, Long Beach"
99,Hawthorne,"Alondra Park, Athens, Del Aire, El Segundo, Gardena, Inglewood, Lawndale, Lennox, Manhattan Beach, Redondo Beach, Westchester"
100,Hermosa Beach,"Manhattan Beach, Redondo Beach"
101,Hidden Hills,"Calabasas, Woodland Hills"
102,Highland Park,"Cypress Park, Eagle Rock, Lincoln Heights, Montecito Heights, Mount Washington, Pasadena, South Pasadena"
103,Historic South-Central,"Central-Alameda, Downtown, Exposition Park, Pico-Union, South Park, University Park, Vermont Square"
104,Hollywood Hills,"Burbank, Griffith Park, Hollywood Hills West, Hollywood, Los Feliz, Studio City, Universal City"
105,Hollywood Hills West,"Beverly Crest, Beverly Hills, Hollywood Hills, Hollywood, Studio City, West Hollywood"
106,Hollywood,"East Hollywood, Hollywood Hills, Hollywood Hills West, Larchmont, Los Feliz, West Hollywood"
107,Huntington Park,"Bell, Central-Alameda, Cudahy, Florence-Firestone, Maywood, South Gate, Vernon, Walnut Park"
108,Hyde Park,"Chesterfield Square, Inglewood, Leimert Park, Manchester Square, Vermont Square, View Park-Windsor Hills, Westchester"
109,Industry,"Avocado Heights, Baldwin Park, Diamond Bar, El Monte, Hacienda Heights, La Puente, North Whittier, Pico Rivera, Pomona, Rowland Heights, South San Jose Hills, Valinda, Walnut, West Covina, West Puente Valley, Whittier Narrows"
110,Inglewood,"Athens, Gramercy Park, Hawthorne, Hyde Park, Ladera Heights, Lennox, Manchester Square, Westchester, Westmont"
111,Irwindale,"Arcadia, Azusa, Baldwin Park, Duarte, El Monte, Mayflower Village, Monrovia, Vincent, West Covina"
112,Jefferson Park,"Adams-Normandie, Arlington Heights, Baldwin Hills/Crenshaw, Exposition Park, Harvard Heights, Leimert Park, Mid-City, West Adams"
113,Koreatown,"Arlington Heights, East Hollywood, Harvard Heights, Mid-Wilshire, Pico-Union, Westlake, Windsor Square"
114,La Canada Flintridge,"Glendale, La Crescenta-Montrose, Pasadena, Tujunga Canyons"
115,La Crescenta-Montrose,"Glendale, La Canada Flintridge, Tujunga Canyons"
116,Ladera Heights,"Baldwin Hills/Crenshaw, Culver City, Inglewood, View Park-Windsor Hills, Westchester"
117,La Habra Heights,"Rowland Heights, Whittier"
118,Lake Balboa,"Encino, Northridge, Reseda, Sepulveda Basin, Van Nuys"
119,Lake Hughes,"Castaic Canyons, Elizabeth Lake, Northwest Antelope Valley"
120,Lake Los Angeles,Northeast Antelope Valley
121,Lake View Terrace,"Hansen Dam, Lopez/Kagel Canyons, Pacoima, Shadow Hills, Sunland, Tujunga Canyons"
122,Lakewood,"Bellflower, Cerritos, Hawaiian Gardens, Long Beach"
123,La Mirada,"East La Mirada, Santa Fe Springs, South Whittier"
124,Lancaster,"Northeast Antelope Valley, Northwest Antelope Valley, Northwest Palmdale, Palmdale, Quartz Hill"
125,La Puente,"Industry, Valinda, West Covina, West Puente Valley"
126,Larchmont,"East Hollywood, Hancock Park, Hollywood, Windsor Square"
127,La Verne,"Angeles Crest, Claremont, Pomona, San Dimas"
128,Lawndale,"Alondra Park, Hawthorne, Redondo Beach, Torrance"
129,Leimert Park,"Baldwin Hills/Crenshaw, Exposition Park, Hyde Park, Jefferson Park, Vermont Square, View Park-Windsor Hills, West Adams"
130,Lennox,"Hawthorne, Inglewood, Westchester"
131,Leona Valley,"Castaic Canyons, Elizabeth Lake, Northwest Antelope Valley, Palmdale"
132,Lincoln Heights,"Boyle Heights, Chinatown, Cypress Park, Downtown, El Sereno, Elysian Park, Highland Park, Montecito Heights"
133,Littlerock,"Northeast Antelope Valley, Palmdale, Southeast Antelope Valley, Sun Village"
134,Lomita,"Harbor City, Rancho Palos Verdes, Rolling Hills Estates, San Pedro, Torrance"
135,Long Beach,"Bellflower, Carson, Compton, Hawaiian Gardens, Lakewood, Paramount, Rancho Dominguez, San Pedro, Signal Hill, Wilmington"
136,Lopez/Kagel Canyons,"Lake View Terrace, Pacoima, Sylmar, Tujunga Canyons"
137,Los Feliz,"East Hollywood, Griffith Park, Hollywood Hills, Hollywood, Silver Lake"
138,Lynwood,"Compton, East Compton, Florence-Firestone, Paramount, South Gate, Watts, Willowbrook"
139,Malibu,"Topanga, Unincorporated Santa Monica Mountains"
140,Manchester Square,"Chesterfield Square, Gramercy Park, Harvard Park, Hyde Park, Inglewood, Vermont Knolls, Vermont-Slauson"
141,Manhattan Beach,"El Segundo, Hawthorne, Hermosa Beach, Redondo Beach"
142,Marina del Rey,"Del Rey, Playa del Rey, Venice"
143,Mar Vista,"Culver City, Del Rey, Palms, Rancho Park, Santa Monica, Sawtelle, Venice"
144,Mayflower Village,"Arcadia, Duarte, Irwindale, Monrovia"
145,Maywood,"Bell, Huntington Park, Vernon"
146,Mid-City,"Arlington Heights, Beverlywood, Carthay, Culver City, Jefferson Park, Mid-Wilshire, Palms, Pico-Robertson, West Adams"
147,Mid-Wilshire,"Arlington Heights, Beverly Grove, Carthay, Hancock Park, Koreatown, Mid-City"
148,Mission Hills,"Arleta, Granada Hills, North Hills, Pacoima, Panorama City, San Fernando, Sylmar"
149,Monrovia,"Angeles Crest, Arcadia, Bradbury, Duarte, Irwindale, Mayflower Village"
150,Montebello,"Commerce, East Los Angeles, Monterey Park, Pico Rivera, Rosemead, South San Gabriel, Whittier Narrows"
151,Montecito Heights,"Cypress Park, El Sereno, Highland Park, Lincoln Heights, South Pasadena"
152,Monterey Park,"Alhambra, East Los Angeles, El Sereno, Montebello, Rosemead, San Gabriel, South San Gabriel"
153,Mount Washington,"Cypress Park, Eagle Rock, Glassell Park, Highland Park"
154,Northeast Antelope Valley,"Lake Los Angeles, Lancaster, Littlerock, Northwest Antelope Valley, Palmdale, Southeast Antelope Valley, Sun Village"
155,North El Monte,"Arcadia, El Monte, Temple City"
156,North Hills,"Granada Hills, Mission Hills, Northridge, Panorama City, Van Nuys"
157,North Hollywood,"Burbank, Studio City, Sun Valley, Toluca Lake, Valley Glen, Valley Village"
158,Northridge,"Chatsworth, Granada Hills, Lake Balboa, North Hills, Porter Ranch, Reseda, Van Nuys, Winnetka"
159,Northwest Antelope Valley,"Castaic Canyons, Elizabeth Lake, Lake Hughes, Lancaster, Leona Valley, Northeast Antelope Valley, Ridge Route"
160,Northwest Palmdale,"Lancaster, Palmdale, Quartz Hill"
161,North Whittier,"Hacienda Heights, Industry, Pico Rivera, Whittier"
162,Norwalk,"Bellflower, Cerritos, Downey, Santa Fe Springs"
163,Pacific Palisades,"Brentwood, Encino, Santa Monica, Tarzana, Topanga, Woodland Hills"
164,Pacoima,"Arleta, Hansen Dam, Lake View Terrace, Lopez/Kagel Canyons, Mission Hills, San Fernando, Shadow Hills, Sun Valley, Sylmar"
165,Palmdale,"Acton, Agua Dulce, Castaic Canyons, Desert View Highlands, Lancaster, Leona Valley, Littlerock, Northeast Antelope Valley, Northwest Palmdale, Quartz Hill, Southeast Antelope Valley, Sun Village"
166,Palms,"Beverlywood, Cheviot Hills, Culver City, Mar Vista, Mid-City, Rancho Park, Sawtelle"
167,Palos Verdes Estates,"Rancho Palos Verdes, Rolling Hills Estates, Torrance"
168,Panorama City,"Arleta, Mission Hills, North Hills, Sun Valley, Van Nuys"
169,Paramount,"Bellflower, Compton, Downey, East Compton, Long Beach, Lynwood, South Gate"
170,Pasadena,"Altadena, Angeles Crest, Arcadia, Eagle Rock, East Pasadena, Glendale, Highland Park, La Canada Flintridge, San Marino, San Pasqual, Sierra Madre, South Pasadena, Tujunga Canyons"
171,Pico Rivera,"Commerce, Downey, Industry, Montebello, North Whittier, Santa Fe Springs, West Whittier-Los Nietos, Whittier, Whittier Narrows"
172,Pico-Robertson,"Beverly Hills, Beverlywood, Carthay, Century City, Cheviot Hills, Mid-City"
173,Pico-Union,"Adams-Normandie, Downtown, Harvard Heights, Historic South-Central, Koreatown, University Park, Westlake"
174,Playa del Rey,"El Segundo, Marina del Rey, Playa Vista, Venice, Westchester"
175,Playa Vista,"Culver City, Del Rey, Playa del Rey"
176,Pomona,"Claremont, Diamond Bar, Industry, La Verne, Ramona, San Dimas, Walnut"
177,Porter Ranch,"Chatsworth, Granada Hills, Northridge, Unincorporated Santa Susana Mountains"
178,Quartz Hill,"Lancaster, Northwest Palmdale, Palmdale"
179,Ramona,"Covina, Pomona, San Dimas, Walnut, West Covina"
180,Rancho Dominguez,"Carson, Compton, Long Beach"
181,Rancho Palos Verdes,"Lomita, Palos Verdes Estates, Rolling Hills Estates, Rolling Hills, San Pedro"
182,Rancho Park,"Cheviot Hills, Mar Vista, Palms, Sawtelle, West Los Angeles"
183,Redondo Beach,"Hawthorne, Hermosa Beach, Lawndale, Manhattan Beach, Torrance"
184,Reseda,"Encino, Lake Balboa, Northridge, Sepulveda Basin, Tarzana, Winnetka, Woodland Hills"
185,Ridge Route,"Castaic Canyons, Castaic, Hasley Canyon, Northwest Antelope Valley, Unincorporated Santa Susana Mountains"
186,Rolling Hills Estates,"Lomita, Palos Verdes Estates, Rancho Palos Verdes, Rolling Hills, Torrance"
187,Rolling Hills,"Rancho Palos Verdes, Rolling Hills Estates"
188,Rosemead,"East San Gabriel, El Monte, Montebello, Monterey Park, San Gabriel, South El Monte, South San Gabriel, Temple City"
189,Rowland Heights,"Hacienda Heights, Industry, La Habra Heights, South Diamond Bar"
190,San Dimas,"Angeles Crest, Charter Oak, Covina, Glendora, La Verne, Pomona, Ramona, West San Dimas"
191,San Fernando,"Mission Hills, Pacoima, Sylmar"
192,San Gabriel,"Alhambra, East San Gabriel, Monterey Park, Rosemead, San Marino, South San Gabriel, Temple City"
193,San Marino,"Alhambra, East Pasadena, East San Gabriel, Pasadena, San Gabriel, San Pasqual, South Pasadena"
194,San Pasqual,"Pasadena, San Marino"
195,San Pedro,"Harbor City, Lomita, Long Beach, Rancho Palos Verdes, Wilmington"
196,Santa Clarita,"Castaic Canyons, Tujunga Canyons, Unincorporated Santa Susana Mountains"
197,Santa Fe Springs,"Cerritos, Downey, La Mirada, Norwalk, Pico Rivera, South Whittier, West Whittier-Los Nietos, Whittier"
198,Santa Monica,"Brentwood, Mar Vista, Pacific Palisades, Sawtelle, Venice"
199,Sawtelle,"Brentwood, Mar Vista, Palms, Rancho Park, Santa Monica, Veterans Administration, West Los Angeles"
200,Sepulveda Basin,"Encino, Lake Balboa, Reseda, Sherman Oaks, Van Nuys"
201,Shadow Hills,"Burbank, Glendale, Hansen Dam, Lake View Terrace, Pacoima, Sunland, Sun Valley, Tujunga"
202,Sherman Oaks,"Bel-Air, Beverly Crest, Brentwood, Encino, Sepulveda Basin, Studio City, Valley Village, Van Nuys"
203,Sierra Madre,"Angeles Crest, Arcadia, Pasadena"
204,Signal Hill,Long Beach
205,Silver Lake,"Atwater Village, East Hollywood, Echo Park, Elysian Valley, Griffith Park, Los Feliz, Westlake"
206,South Diamond Bar,"Diamond Bar, Rowland Heights"
207,Southeast Antelope Valley,"Acton, Angeles Crest, Littlerock, Northeast Antelope Valley, Palmdale"
208,South El Monte,"Avocado Heights, El Monte, Rosemead, Whittier Narrows"
209,South Gate,"Bell Gardens, Cudahy, Downey, Florence-Firestone, Huntington Park, Lynwood, Paramount, Walnut Park"
210,South Park,"Central-Alameda, Florence, Historic South-Central, Vermont-Slauson, Vermont Square"
211,South Pasadena,"Alhambra, El Sereno, Highland Park, Montecito Heights, Pasadena, San Marino"
212,South San Gabriel,"East San Gabriel, Montebello, Monterey Park, Rosemead, San Gabriel, Temple City, Whittier Narrows"
213,South San Jose Hills,"Industry, Valinda, West Covina"
214,South Whittier,"La Mirada, Santa Fe Springs, Whittier"
215,Stevenson Ranch,Unincorporated Santa Susana Mountains
216,Studio City,"Beverly Crest, Hollywood Hills, Hollywood Hills West, North Hollywood, Sherman Oaks, Toluca Lake, Universal City, Valley Village"
217,Sunland,"Lake View Terrace, Shadow Hills, Tujunga Canyons, Tujunga"
218,Sun Valley,"Arleta, Burbank, North Hollywood, Pacoima, Panorama City, Shadow Hills, Valley Glen, Van Nuys"
219,Sun Village,"Littlerock, Northeast Antelope Valley, Palmdale"
220,Sylmar,"Granada Hills, Lopez/Kagel Canyons, Mission Hills, Pacoima, San Fernando, Tujunga Canyons, Unincorporated Santa Susana Mountains"
221,Tarzana,"Brentwood, Encino, Pacific Palisades, Reseda, Winnetka, Woodland Hills"
222,Temple City,"Arcadia, East San Gabriel, El Monte, North El Monte, Rosemead, San Gabriel, South San Gabriel"
223,Toluca Lake,"Burbank, North Hollywood, Studio City, Universal City"
224,Topanga,"Calabasas, Malibu, Pacific Palisades, Unincorporated Santa Monica Mountains, Woodland Hills"
225,Torrance,"Alondra Park, Gardena, Harbor City, Harbor Gateway, Lawndale, Lomita, Palos Verdes Estates, Redondo Beach, Rolling Hills Estates"
226,Tujunga Canyons,"Acton, Agua Dulce, Angeles Crest, Castaic Canyons, Glendale, La Canada Flintridge, La Crescenta-Montrose, Lake View Terrace, Lopez/Kagel Canyons, Pasadena, Santa Clarita, Sunland, Sylmar, Tujunga, Unincorporated Santa Susana Mountains"
227,Tujunga,"Glendale, Shadow Hills, Sunland, Tujunga Canyons"
228,Unincorporated Catalina Island,Avalon
229,Unincorporated Santa Monica Mountains,"Agoura Hills, Calabasas, Malibu, Topanga, Westlake Village"
230,Unincorporated Santa Susana Mountains,"Castaic Canyons, Castaic, Chatsworth, Granada Hills, Hasley Canyon, Porter Ranch, Ridge Route, Santa Clarita, Stevenson Ranch, Sylmar, Tujunga Canyons, Val Verde"
231,Universal City,"Burbank, Hollywood Hills, Studio City, Toluca Lake"
232,University Park,"Adams-Normandie, Downtown, Exposition Park, Historic South-Central, Pico-Union"
233,Valinda,"Industry, La Puente, South San Jose Hills, West Covina"
234,Valley Glen,"North Hollywood, Sun Valley, Valley Village, Van Nuys"
235,Valley Village,"North Hollywood, Sherman Oaks, Studio City, Valley Glen"
236,Val Verde,Unincorporated Santa Susana Mountains
237,Van Nuys,"Lake Balboa, North Hills, Northridge, Panorama City, Sepulveda Basin, Sherman Oaks, Sun Valley, Valley Glen"
238,Venice,"Culver City, Del Rey, Marina del Rey, Mar Vista, Playa del Rey, Santa Monica"
239,Vermont Knolls,"Broadway-Manchester, Florence, Gramercy Park, Harvard Park, Manchester Square, Vermont-Slauson, Vermont Vista, Westmont"
240,Vermont-Slauson,"Florence, Harvard Park, Manchester Square, South Park, Vermont Knolls, Vermont Square"
241,Vermont Square,"Chesterfield Square, Exposition Park, Harvard Park, Historic South-Central, Hyde Park, Leimert Park, South Park, Vermont-Slauson"
242,Vermont Vista,"Athens, Broadway-Manchester, Florence, Harbor Gateway, Vermont Knolls, Westmont"
243,Vernon,"Bell, Boyle Heights, Central-Alameda, Commerce, Downtown, Huntington Park, Maywood"
244,Veterans Administration,"Brentwood, Sawtelle, Westwood"
245,View Park-Windsor Hills,"Baldwin Hills/Crenshaw, Hyde Park, Ladera Heights, Leimert Park, Westchester"
246,Vincent,"Azusa, Covina, Irwindale, West Covina"
247,Walnut,"Industry, Pomona, Ramona, West Covina"
248,Walnut Park,"Florence-Firestone, Huntington Park, South Gate"
249,Watts,"Florence-Firestone, Green Meadows, Lynwood, Willowbrook"
250,West Adams,"Arlington Heights, Baldwin Hills/Crenshaw, Culver City, Jefferson Park, Leimert Park, Mid-City"
251,West Carson,"Carson, Harbor City, Harbor Gateway"
252,Westchester,"Culver City, Del Aire, El Segundo, Hawthorne, Hyde Park, Inglewood, Ladera Heights, Lennox, Playa del Rey, View Park-Windsor Hills"
253,West Compton,"Carson, Compton, Harbor Gateway, Willowbrook"
254,West Covina,"Baldwin Park, Covina, Industry, Irwindale, La Puente, Ramona, South San Jose Hills, Valinda, Vincent, Walnut, West Puente Valley"
255,West Hills,"Canoga Park, Chatsworth, Chatsworth Reservoir, Woodland Hills"
256,West Hollywood,"Beverly Grove, Beverly Hills, Hollywood Hills West, Hollywood"
257,Westlake,"Downtown, East Hollywood, Echo Park, Koreatown, Pico-Union, Silver Lake"
258,Westlake Village,"Agoura Hills, Unincorporated Santa Monica Mountains"
259,West Los Angeles,"Century City, Cheviot Hills, Rancho Park, Sawtelle, Westwood"
260,Westmont,"Athens, Gramercy Park, Inglewood, Vermont Knolls, Vermont Vista"
261,West Puente Valley,"Baldwin Park, Industry, La Puente, West Covina"
262,West San Dimas,San Dimas
263,West Whittier-Los Nietos,"Pico Rivera, Santa Fe Springs, Whittier"
264,Westwood,"Bel-Air, Beverly Crest, Beverly Hills, Brentwood, Century City, Veterans Administration, West Los Angeles"
265,Whittier,"East La Mirada, Hacienda Heights, La Habra Heights, North Whittier, Pico Rivera, Santa Fe Springs, South Whittier, West Whittier-Los Nietos, Whittier Narrows"
266,Whittier Narrows,"Avocado Heights, Industry, Montebello, Pico Rivera, South El Monte, South San Gabriel, Whittier"
267,Willowbrook,"Broadway-Manchester, Compton, Green Meadows, Harbor Gateway, Lynwood, Watts, West Compton"
268,Wilmington,"Carson, Harbor City, Long Beach, San Pedro"
269,Windsor Square,"Hancock Park, Koreatown, Larchmont"
270,Winnetka,"Canoga Park, Chatsworth, Northridge, Reseda, Tarzana, Woodland Hills"
271,Woodland Hills,"Calabasas, Canoga Park, Hidden Hills, Pacific Palisades, Reseda, Tarzana, Topanga, West Hills, Winnetka"
