NAME,ADDRESS,CITY,STATE,ZIP,POPULATION,COUNTY,LATITUDE,LONGITUDE,BEDS
CULPEPPER'S HOME #2,3616 10TH AVENUE,LOS ANGELES,CA,90018,15,LOS ANGELES,34.02237594,-118.3280428,15
SOUTHSIDE MANOR,820 EAST GRAND AVENUE,POMONA,CA,91766,38,LOS ANGELES,34.04806042,-117.7403993,38
VILLA STANLEY EAST INC.,7253 MELROSE AVENUE,LOS ANGELES,CA,90046,62,LOS ANGELES,34.08378641,-118.3476389,62
COUNTRY VIEW RETIREMENT HOME,824 W. CAMERON AVE.,WEST COVINA,CA,91790,136,LOS ANGELES,34.06187635,-117.9330618,136
BEVERLY HILLS GARDENS CARE CENTER,1470 S. ROBERTSON BLVD,LOS ANGELES,CA,90035,110,LOS ANGELES,34.05272223,-118.38378,110
PICO RIVERA GARDENS,6525 ROSEMEAD BLVD.,PICO RIVERA,CA,90660,185,LOS ANGELES,33.98611653,-118.0951994,185
BROOKDALE NORTHRIDGE,17650 WEST DEVONSHIRE STREET,NORTHRIDGE,CA,91325,135,LOS ANGELES,34.25675413,-118.5192028,135
BROOKDALE SANTA MONICA GARDENS,851 SECOND STREET,SANTA MONICA,CA,90403,128,LOS ANGELES,34.02217102,-118.5049768,128
EISENBERG VILLAGE OF THE JEWISH HOMES FOR THE AGING,18855 VICTORY BOULEVARD,RESEDA,CA,91335,271,LOS ANGELES,34.18727332,-118.5443108,271
FAIRWINDS-WEST HILLS,8138 WOODLAKE AVENUE,WEST HILLS,CA,91304,130,LOS ANGELES,34.21835361,-118.6315717,130
GARDEN SILVER TOWN,2830 FRANCIS AVENUE,LOS ANGELES,CA,90005,72,LOS ANGELES,34.0565925,-118.2873845,72
PACIFICA SENIOR LIVING SANTA CLARITA,24305 WEST LYONS AVENUE,NEWHALL,CA,91321,99,LOS ANGELES,34.37899569,-118.5599988,99
SUNFLOWER COTTAGE,21018 E. CIENEGA AVENUE,COVINA,CA,91724,15,LOS ANGELES,34.10218403,-117.8457614,15
TLC GUEST HOME II,1700 248TH STREET,LOMITA,CA,90717,12,LOS ANGELES,33.79945089,-118.3079595,12
"VIP GUEST HOME, INC.",1010 N. CENTINELA AVENUE,INGLEWOOD,CA,90302,12,LOS ANGELES,33.97620064,-118.3570893,12
BRIGHT STAR I,1637 WEST 228TH STREET,TORRANCE,CA,90501,17,LOS ANGELES,33.8190201,-118.3076795,17
BELLFLOWER POST ACUTE,9710 ARTESIA BLVD,BELLFLOWER,CA,90706,59,LOS ANGELES,33.87438128,-118.1271785,59
BELMONT VILLAGE CALABASAS,24141 VENTURA BLVD,CALABASAS,CA,91302,165,LOS ANGELES,34.15380537,-118.6543956,165
CLAREMONT CARE CENTER,219 E FOOTHILL BLVD,POMONA,CA,91767,99,LOS ANGELES,34.1078211,-117.745903,99
COVINA REHABILITATION CENTER,261 W BADILLO ST,COVINA,CA,91723,99,LOS ANGELES,34.08666933,-117.8939293,99
EISENHOWER HEALTHCARE CENTER,1470 N FAIR OAKS AVE,PASADENA,CA,91103,71,LOS ANGELES,34.17112428,-118.1504861,71
OAKMONT OF SANTA CLARITA,28650 NEWHALL RANCH RD,SANTA CLARITA,CA,91355,121,LOS ANGELES,34.441143,-118.592486,121
OLYMPIA CONVALESCENT HOSPITAL,1100 S ALVARADO ST,LOS ANGELES,CA,90006,135,LOS ANGELES,34.04986798,-118.2807857,135
SUNNY VIEW CARE CENTER,1428 S MARENGO AVE,ALHAMBRA,CA,91803,99,LOS ANGELES,34.07550664,-118.1407798,99
WEST HAVEN HEALTHCARE,1495 W CAMERON AVE,WEST COVINA,CA,91790,99,LOS ANGELES,34.06810959,-117.9404972,99
WESTERN CONVALESCENT HOSPITAL,2190 W ADAMS BLVD,LOS ANGELES,CA,90018,129,LOS ANGELES,34.03238685,-118.315007,129
WINDSOR GARDENS CONVALESCENT CENTER OF HAWTHORNE,13922 CERISE AVE,HAWTHORNE,CA,90250,99,LOS ANGELES,33.90470444,-118.3324689,99
OCEAN VIEW MANOR,1044 3RD STREET,SANTA MONICA,CA,90403,45,LOS ANGELES,34.01996747,-118.501602,45
SUNLAND MANOR INC.,10540 SHERMAN GROVE AVE,SUNLAND,CA,91040,98,LOS ANGELES,34.26102064,-118.3200492,98
VILLA STANLEY,335 N. STANLEY AVE,LOS ANGELES,CA,90036,80,LOS ANGELES,34.07722257,-118.3565296,80
VILLA GARDENS,842 EAST VILLA STREET,PASADENA,CA,91101,340,LOS ANGELES,34.15395358,-118.1339196,340
BELMONT VILLAGE BURBANK,455 E. ANGELENO AVENUE,BURBANK,CA,91501,160,LOS ANGELES,34.18352799,-118.3047757,160
BROOKDALE SANTA MONICA,2107 OCEAN AVENUE,SANTA MONICA,CA,90405,150,LOS ANGELES,34.00510291,-118.489065,150
MELROSE GARDENS,960 N. MARTEL AVENUE,LOS ANGELES,CA,90046,72,LOS ANGELES,34.08877111,-118.3507387,72
MOUNTVIEW RETIREMENT RESIDENCE,2640 HONOLULU AVENUE,MONTROSE,CA,91020,131,LOS ANGELES,34.20915042,-118.2368945,131
PALMCREST GRAND RESIDENCE,3503 CEDAR AVENUE,LONG BEACH,CA,90807,262,LOS ANGELES,33.82083003,-118.1962256,262
VINTAGE CERRITOS,11000 NEW FALCON WAY,CERRITOS,CA,90703,163,LOS ANGELES,33.88192685,-118.0987533,163
LISA MARIE GUEST HOME,3451 SANTA ANA ST.,HUNTINGTON PARK,CA,90255,12,LOS ANGELES,33.96296091,-118.2059594,12
GOLDEN STATE COLONIAL HEALTHCARE CENTER,10830 OXNARD STREET,NORTH HOLLYWOOD,CA,91606,14,LOS ANGELES,34.17908477,-118.3671569,14
BRIGHTON CARE CENTER,1836 N FAIR OAKS AVE,PASADENA,CA,91103,99,LOS ANGELES,34.17739197,-118.1501425,99
DEL AMO GARDENS CARE CENTER,22419 KENT AVE,TORRANCE,CA,90505,94,LOS ANGELES,33.82445426,-118.3569607,94
FOUNTAINVIEW GONDA WESTSIDE,12490 WEST FIELDING CIRCLE,PLAYA VISTA,CA,90094,286,LOS ANGELES,33.97864297,-118.4130181,286
MONIQUE'S RESIDENTIAL CARE FACILITY,238 SO. KENMORE AVENUE,LOS ANGELES,CA,90004,22,LOS ANGELES,34.07008074,-118.2964321,22
NORWALK MEADOWS NURSING CENTER,10625 LEFFINGWELL RD,NORWALK,CA,90650,99,LOS ANGELES,33.90519956,-118.1076366,99
PROVIDENCE ST. ELIZABETH CARE CENTER,10425 MAGNOLIA BLVD,NORTH HOLLYWOOD,CA,91601,52,LOS ANGELES,34.16511088,-118.3581071,52
SAN MARINO MANOR,6812 N OAK AVE,SAN GABRIEL,CA,91775,59,LOS ANGELES,34.1227557,-118.0678752,59
SUNNYVIEW CARE CENTER,2000 W WASHINGTON BLVD,LOS ANGELES,CA,90018,93,LOS ANGELES,34.03975257,-118.30325,93
VERDUGO HILLS HOSPITAL D/P SNF,1812 VERDUGO BLVD,GLENDALE,CA,91208,18,LOS ANGELES,34.20503539,-118.2157033,18
WOODLAND CARE CENTER,7120 CORBIN AVE,RESEDA,CA,91335,157,LOS ANGELES,34.20014763,-118.5618593,157
GLEN TERRA,917 N. LOUISE STREET,GLENDALE,CA,91207,150,LOS ANGELES,34.15924246,-118.2533597,150
GOLDEN MANOR REST HOME,3535 OVERLAND AVENUE,LOS ANGELES,CA,90034,98,LOS ANGELES,34.0236018,-118.4112825,98
GOLDEN MANOR RETIREMENT CENTER,1109 WEST BEVERLY BLVD.,MONTEBELLO,CA,90640,160,LOS ANGELES,34.01758821,-118.1101996,160
NAZARETH HOUSE,3333 MANNING AVENUE,LOS ANGELES,CA,90064,158,LOS ANGELES,34.03125394,-118.4070466,158
REGENCY PARK FAIR OAKS,951 S. FAIR OAKS AVE.,PASADENA,CA,91105,310,LOS ANGELES,34.12948763,-118.1507183,310
SOUTH BAY SENIOR LIVING,22711 S. VERMONT AVE.,TORRANCE,CA,90502,70,LOS ANGELES,33.8194208,-118.2905588,70
SUNRISE ASSISTED LIVING OF CLAREMONT,2053 N. TOWNE AVE,CLAREMONT,CA,91711,81,LOS ANGELES,34.12115225,-117.7375167,81
GOLDEN HAVEN,706 EAST FOOTHILL BLVD.,AZUSA,CA,91702,15,LOS ANGELES,34.13348027,-117.8959598,15
GOLDEN STATE LODGE,11465 GLADSTONE AVENUE,LAKEVIEW TERRACE,CA,91342,14,LOS ANGELES,34.2786206,-118.3936789,14
HARTSOOK HOME,11045 HARTSOOK STREET,NORTH HOLLYWOOD,CA,91601,15,LOS ANGELES,34.16399816,-118.3715699,15
HOMES FOR LIFE FOUNDATION-HFL CEDAR STREET HOMES,"11401 BLOOMFIELD, BLDG.305-307",NORWALK,CA,90650,38,LOS ANGELES,33.92419118,-118.0640232,38
"MANOR, THE",1905/2019 PICO BOULEVARD,SANTA MONICA,CA,90405,151,LOS ANGELES,34.01916855,-118.4705334,151
ROSEMEAD VILLA,9025 GUESS ST,ROSEMEAD,CA,91770,22,LOS ANGELES,34.07892085,-118.0721599,22
"SERRANO HOME CARE SERVICES, INC.",356 SOUTH SERRANO AVENUE,LOS ANGELES,CA,90020,15,LOS ANGELES,34.06733004,-118.306609,15
NORTH LAKE VILLAS INC.,2851 N. LAKE AVE,ALTADENA,CA,91001,30,LOS ANGELES,34.1948343,-118.131599,30
SAN GABRIEL VALLEY TRAINING CENTER,339 S. COVINA BLVD.,LA PUENTE,CA,91746,12,LOS ANGELES,34.046712,-118.001952,12
SILVERADO SENIOR LIVING - THE HUNTINGTON,1118 N. STONEMAN AVENUE,ALHAMBRA,CA,91801,30,LOS ANGELES,34.10594008,-118.1329259,30
SUNNY VISTA SENIOR LIVING,1525 W. 8TH STREET,LOS ANGELES,CA,90017,14,LOS ANGELES,34.05219464,-118.2713362,14
BELL CONVALESCENT HOSPITAL,4900 FLORENCE AVE,BELL,CA,90201,99,LOS ANGELES,33.96903429,-118.1801798,99
COUNTRY VILLA PAVILION NURSING CENTER,5916 W PICO BLVD,LOS ANGELES,CA,90035,59,LOS ANGELES,34.05156302,-118.3683516,59
DOWNEY CARE CENTER,13007 PARAMOUNT BLVD,DOWNEY,CA,90242,99,LOS ANGELES,33.91825781,-118.156748,99
"FOUR SEASONS HEALTHCARE & WELLNESS CENTER, LP",5335 LAUREL CANYON BLVD,NORTH HOLLYWOOD,CA,91607,201,LOS ANGELES,34.16792042,-118.3973381,201
"LAWNDALE HEALTHCARE & WELLNESS CENTRE, LLC",15100 PRAIRIE AVE,LAWNDALE,CA,90260,59,LOS ANGELES,33.89447714,-118.3436187,59
LEGACY HEALTHCARE CENTER,1570 N FAIR OAKS AVE,PASADENA,CA,91103,54,LOS ANGELES,34.17301785,-118.1503881,54
LITTLE SISTERS OF THE POOR,2100 S WESTERN AVE,SAN PEDRO,CA,90732,27,LOS ANGELES,33.72504064,-118.3108888,27
LONGWOOD MANOR CONVALESCENT HOSPITAL,4853 W WASHINGTON BLVD,LOS ANGELES,CA,90016,198,LOS ANGELES,34.0401996,-118.3453452,198
MACLAY HEALTHCARE CENTER,12831 MACLAY ST,SYLMAR,CA,91342,141,LOS ANGELES,34.3046101,-118.4128748,141
MARGUERITE GARDENS,700 NORTH STONEMAN AVENUE,ALHAMBRA,CA,91801,113,LOS ANGELES,34.102395,-118.130107,113
MAYFLOWER CARE CENTER,5043 PECK RD,EL MONTE,CA,91732,59,LOS ANGELES,34.0949553,-118.0130654,59
MID-WILSHIRE HEALTH CARE CENTER,676 S BONNIE BRAE ST,LOS ANGELES,CA,90057,80,LOS ANGELES,34.05605055,-118.2739635,80
SANTA FE HEIGHTS HEALTHCARE CENTER LLC,2309 N SANTA FE AVE,COMPTON,CA,90222,99,LOS ANGELES,33.91337714,-118.2177456,99
MOUNTAIN VIEW CARE,2622 MOUNTAIN VIEW ROAD,EL MONTE,CA,91733,83,LOS ANGELES,34.05864088,-118.0258611,83
SUN GARDEN MANOR,10117 TUJUNGA CYN BLVD,TUJUNGA,CA,91042,38,LOS ANGELES,34.24987203,-118.2868423,38
VERMONT CARE CENTER,1316 S. VERMONT AVE.,LOS ANGELES,CA,90006,76,LOS ANGELES,34.04657614,-118.2913234,76
"WESTERN FERNDALE, INC.",1745 NO. WESTERN AVE.,LOS ANGELES,CA,90027,96,LOS ANGELES,34.10316026,-118.3096226,96
HOLLENBECK PALMS,573 S. BOYLE AVE,LOS ANGELES,CA,90033,171,LOS ANGELES,34.04006911,-118.220796,171
A SPLENDOR LIVING - THE GLENDORA INC,452 SELLERS ST.,GLENDORA,CA,91741,34,LOS ANGELES,34.12997843,-117.8337028,34
"COMMONS AT WOODLAND HILLS, THE",21711 VENTURA BLVD.,WOODLAND HILLS,CA,91364,200,LOS ANGELES,34.16877571,-118.6012192,200
"ELIM HEALTHCARE, INC.",1126 S. WESTMORELAND AVENUE,LOS ANGELES,CA,90006,142,LOS ANGELES,34.04984882,-118.288631,142
EVERGREEN RETIREMENT,225 NORTH EVERGREEN,BURBANK,CA,91505,99,LOS ANGELES,34.15329593,-118.3462878,99
"LIGHTHOUSE, THE",10406 MAGNOLIA BLVD.,TOLUCA LAKE,CA,91601,49,LOS ANGELES,34.16473023,-118.3576157,49
REGENCY PARK ASTORIA,925 EAST VILLA STREET,PASADENA,CA,91106,220,LOS ANGELES,34.15467874,-118.1314237,220
VISTA DEL MAR SENIOR LIVING,3360 MAGNOLIA AVENUE,LONG BEACH,CA,90806,300,LOS ANGELES,33.81837996,-118.197781,300
WILLIAM J. PETE KNIGHT VETERANS HOME-LANCASTER,45221 30TH STREET WEST,LANCASTER,CA,93536,60,LOS ANGELES,34.704958,-118.185124,60
GATEWAYS HOSPITAL COMMUNITY CORRECTIONAL CENTER,1801 LAKESHORE AVE.,LOS ANGELES,CA,90026,72,LOS ANGELES,34.08516702,-118.2566114,72
HOUSE OF ST. JOSEPH,2632 WEST 16TH PLACE,LOS ANGELES,CA,90019,15,LOS ANGELES,34.04267004,-118.3188889,15
KAY'S GUEST HOME,3748 GRACE AVENUE,BALDWIN PARK,CA,91706,23,LOS ANGELES,34.0794362,-117.9779877,23
CITY VIEW MANOR,22 CAYUSE LANE,RANCHO PALOS VERDES,CA,90275,11,LOS ANGELES,33.76658196,-118.333226,11
COGSWELL GARDEN HOME,5405 N. COGSWELL ROAD,EL MONTE,CA,91732,15,LOS ANGELES,34.09776307,-118.001675,15
WESTPORT HOME,10252 EAST AVENUE S,LITTLEROCK,CA,93543,20,LOS ANGELES,34.5574574,-117.9455849,20
BROOKFIELD HEALTHCARE CENTER,9300 TELEGRAPH RD,DOWNEY,CA,90240,70,LOS ANGELES,33.95677505,-118.1049533,70
EMERALD TERRACE CONVALESCENT HOSPITAL,1154 S ALVARADO ST,LOS ANGELES,CA,90006,72,LOS ANGELES,34.04884392,-118.2815159,72
FIDELITY HEALTH CARE,11210 LOWER AZUSA RD,EL MONTE,CA,91731,90,LOS ANGELES,34.09132977,-118.0228365,90
FOUNTAIN VIEW SUBACUTE AND NURSING CENTER,5310 FOUNTAIN AVE,LOS ANGELES,CA,90029,99,LOS ANGELES,34.09481113,-118.3053111,99
GRAND VALLEY HEALTH CARE CENTER,13524 SHERMAN WAY,VAN NUYS,CA,91405,99,LOS ANGELES,34.20098756,-118.4276307,99
HIGH VALLEY LODGE,7912 TOPLEY LN,SUNLAND,CA,91040,50,LOS ANGELES,34.25530959,-118.3050938,50
OSAGE HEALTHCARE & WELLNESS CENTRE,1001 S OSAGE AVE,INGLEWOOD,CA,90301,53,LOS ANGELES,33.95043145,-118.3469869,53
PARKVIEW OF GLENDALE,426 PIEDMONT AVE,GLENDALE,CA,91206,135,LOS ANGELES,34.15275814,-118.2401452,135
"PASADENA CARE CENTER, LLC",1640 N FAIR OAKS AVE,PASADENA,CA,91103,99,LOS ANGELES,34.17401136,-118.1504861,99
SANTA MONICA CONVALESCENT CENTER I,2828 PICO BLVD,SANTA MONICA,CA,90405,41,LOS ANGELES,34.0243289,-118.4596628,41
SHADOW HILLS CONVALESCENT HOSPITAL,10158 SUNLAND BLVD,SUNLAND,CA,91040,67,LOS ANGELES,34.25989221,-118.3393894,67
SHARON CARE CENTER,8167 W 3RD ST,LOS ANGELES,CA,90048,86,LOS ANGELES,34.07267126,-118.3676536,86
SUNNYSIDE NURSING CENTER,22617 S VERMONT AVE,TORRANCE,CA,90502,299,LOS ANGELES,33.82036415,-118.2906096,299
VAN NUYS HEALTH CARE CENTER,6835 HAZELTINE AVE,VAN NUYS,CA,91405,58,LOS ANGELES,34.19496955,-118.4404985,58
VILLA ELENA HEALTHCARE CENTER,13226 STUDEBAKER RD,NORWALK,CA,90650,98,LOS ANGELES,33.91084717,-118.0990192,98
WINDSOR MANOR,1230 E WINDSOR RD,GLENDALE,CA,91205,28,LOS ANGELES,34.13694154,-118.2384608,28
OXFORD VILLA,223 NORTH OXFORD AVENUE,LOS ANGELES,CA,90004,71,LOS ANGELES,34.0759693,-118.3083301,71
REGENCY MANOR,3348 DESCANSO DRIVE,LOS ANGELES,CA,90026,49,LOS ANGELES,34.08427737,-118.2767389,49
ATRIA SANTA CLARITA,24431 LYONS AVENUE,SANTA CLARITA,CA,91321,160,LOS ANGELES,34.37888743,-118.5619559,160
SUNRISE AT STERLING CANYON,25815 MCBEAN PARKWAY,VALENCIA,CA,91355,140,LOS ANGELES,34.40144581,-118.5517518,140
BEL AIR GUEST HOME,1440 NO. STANLEY AVENUE,LOS ANGELES,CA,90046,64,LOS ANGELES,34.09739945,-118.3558378,64
BEVERLYWOOD CENTER,1920 SOUTH ROBERTSON BLVD.,LOS ANGELES,CA,90034,85,LOS ANGELES,34.04369995,-118.3866999,85
RED ROSES VILLA,13805 E. CREWE STREET,WHITTIER,CA,90605,18,LOS ANGELES,33.92287184,-118.0384078,18
ALHAMBRA HOSPITAL MEDICAL CENTER D/P SNF,100 S RAYMOND AVE,ALHAMBRA,CA,91801,26,LOS ANGELES,34.09025325,-118.1439411,26
ARARAT CONVALESCENT HOSPITAL,2373 COLORADO BLVD,LOS ANGELES,CA,90041,42,LOS ANGELES,34.14027975,-118.2181492,42
BONNIE BRAE CONVALESCENT HOSPITAL,420 S BONNIE BRAE ST,LOS ANGELES,CA,90057,59,LOS ANGELES,34.06017453,-118.2707823,59
"COZY GUEST HOME, INC.",11905 RIVERSIDE DRIVE,VALLEY VILLAGE,CA,91607,14,LOS ANGELES,34.15796007,-118.3923536,14
CULVER WEST HEALTH CENTER,4035 GRAND VIEW BLVD,LOS ANGELES,CA,90066,91,LOS ANGELES,33.9995452,-118.4279838,91
HYDE PARK CONVALESCENT HOSPITAL,6520 WEST BLVD,LOS ANGELES,CA,90043,72,LOS ANGELES,33.97975939,-118.3347574,72
IVY CREEK HEALTHCARE & WELLNESS CENTRE,115 BRIDGE ST,SAN GABRIEL,CA,91775,98,LOS ANGELES,34.10294878,-118.1130281,98
LANDMARK MEDICAL CENTER,2030 N GAREY AVE,POMONA,CA,91767,95,LOS ANGELES,34.08337302,-117.7523562,95
LAS FLORES CONVALESCENT HOSPITAL,14165 PURCHE AVE,GARDENA,CA,90249,144,LOS ANGELES,33.90284852,-118.3211471,144
LIGHTHOUSE HEALTHCARE CENTER,2222 SANTA ANA BLVD.,LOS ANGELES,CA,90059,149,LOS ANGELES,33.93486811,-118.2331358,149
PARK AVENUE HEALTHCARE & WELLNESS CENTER,1550 N PARK AVE,POMONA,CA,91768,231,LOS ANGELES,34.07419157,-117.7542404,231
SANTA MONICA CONVALESCENT CENTER II,2250 29TH ST,SANTA MONICA,CA,90405,44,LOS ANGELES,34.02427573,-118.4592817,44
SKYLINE HEALTHCARE CENTER-LOS ANGELES,3032 ROWENA AVE,LOS ANGELES,CA,90039,99,LOS ANGELES,34.10876477,-118.2707712,99
THE CANTERBURY,5801 CRESTRIDGE RD,RANCHO PALOS VERDES,CA,90275,28,LOS ANGELES,33.76902905,-118.3776926,28
WINDERMERE PARADISE,3462 VINELAND AVENUE,BALDWIN PARK,CA,91706,28,LOS ANGELES,34.07636272,-117.9634336,28
MOUNT SAN ANTONIO GARDENS,900 EAST HARRISON AVENUE,POMONA,CA,91767,520,LOS ANGELES,34.09719233,-117.7334381,520
ATRIA RANCHO PARK,801 CYPRESS WAY,SAN DIMAS,CA,91773,200,LOS ANGELES,34.09441025,-117.8390963,200
BROADVIEW RESIDENTIAL CARE CENTER,535 WEST BROADWAY,GLENDALE,CA,91204,180,LOS ANGELES,34.14713939,-118.2662279,180
CLAREMONT PLACE,120 SAN JOSE AVENUE,CLAREMONT,CA,91711,93,LOS ANGELES,34.08267554,-117.7153804,93
BROOKDALE SAN DIMAS,1740 SAN DIMAS AVENUE,SAN DIMAS,CA,91773,131,LOS ANGELES,34.07832346,-117.8165912,131
LE BLEU CHATEAU,1900 GRISMER,BURBANK,CA,91504,100,LOS ANGELES,34.19551219,-118.3253814,100
MOTION PICTURE & TELEVISION FUND,23388 MULHOLLAND DRIVE,WOODLAND HILLS,CA,91364,241,LOS ANGELES,34.15680696,-118.635605,241
RUBY'S GUEST HOME,2125 E. 4TH STREET,LONG BEACH,CA,90814,34,LOS ANGELES,33.77194879,-118.1660571,34
ST. RICHARD PAMPURI,2458 S. ST. ANDREWS PLACE,LOS ANGELES,CA,90018,70,LOS ANGELES,34.03313906,-118.3107815,70
"HEIGHTS AT BURBANK, THE",2721 WILLOW STREET,BURBANK,CA,91505,130,LOS ANGELES,34.15809657,-118.3314509,130
WESTERN ASSEMBLIES HOME,350 BERKELEY AVENUE,CLAREMONT,CA,91711,36,LOS ANGELES,34.09735879,-117.7227754,36
CASA COLINA TRANSITIONAL LIVING CENTER,250 E. HARRISON,POMONA,CA,91767,38,LOS ANGELES,34.09882814,-117.7460047,38
EL MOLINO GUEST HOME,2544 N. EL MOLINO AVENUE,ALTADENA,CA,91001,36,LOS ANGELES,34.18866583,-118.1321545,36
"NU-LIFE, THE",1159 S. ARDMORE AVE.,LOS ANGELES,CA,90006,27,LOS ANGELES,34.04919513,-118.3023269,27
CALIFORNIA HOME FOR AGED DEAF,529 LAS TUNAS DRIVE,ARCADIA,CA,91006,24,LOS ANGELES,34.10794945,-118.0505281,24
DELUXE GUEST HOME,3260 PINE AVE.,LONG BEACH,CA,90806,12,LOS ANGELES,33.81636063,-118.1919592,12
JONES RESIDENTIAL FACILITY,9307 BUDLONG AVE.,LOS ANGELES,CA,90044,15,LOS ANGELES,33.95182812,-118.2962167,15
ALEXANDRIA CARE CENTER,1515 N ALEXANDRIA AVE,LOS ANGELES,CA,90027,177,LOS ANGELES,34.09868238,-118.2985737,177
FIRESIDE CONVALESCENT HOSPITAL,947 3RD ST,SANTA MONICA,CA,90403,66,LOS ANGELES,34.02152312,-118.5024758,66
LOS PALOS CONVALESCENT HOSPITAL,1430 W 6TH ST,SAN PEDRO,CA,90732,99,LOS ANGELES,33.74025797,-118.30833,99
MEADOWBROOK BEHAVIORAL HEALTH CENTER,3951 EAST BLVD,LOS ANGELES,CA,90066,77,LOS ANGELES,34.00479693,-118.4241742,77
OLIVE VISTA BEHAVIORAL HEALTH CENTER,2335 S TOWNE AVE,POMONA,CA,91766,120,LOS ANGELES,34.028885,-117.740449,120
PARAMOUNT CONVALESCENT HOSPITAL,8558 ROSECRANS AVE,PARAMOUNT,CA,90723,59,LOS ANGELES,33.90329553,-118.149452,59
PLAYA DEL REY CENTER,7716 W MANCHESTER AVE,PLAYA DEL REY,CA,90293,99,LOS ANGELES,33.95916973,-118.4314951,99
RIVIERA HEALTHCARE CENTER,8203 TELEGRAPH RD,PICO RIVERA,CA,90660,154,LOS ANGELES,33.96697846,-118.1150483,154
SAN GABRIEL CONVALESCENT CENTER,8035 HILL DR,ROSEMEAD,CA,91770,151,LOS ANGELES,34.04596596,-118.0930301,151
ARCADIA GARDENS RETIREMENT HOTEL,720 W. CAMINO REAL,ARCADIA,CA,91007,200,LOS ANGELES,34.12141614,-118.0552962,200
CARSON SENIOR ASSISTED LIVING,345 EAST CARSON STREET,CARSON,CA,90745,230,LOS ANGELES,33.8319172,-118.270935,230
CALIFORNIA RETIREMENT HOTEL,4340 LOCKWOOD AVENUE,LOS ANGELES,CA,90029,96,LOS ANGELES,34.0885298,-118.2885079,96
SUNRISE ASSISTED LIVING OF BEVERLY HILLS,201 NORTH CRESCENT DRIVE,BEVERLY HILLS,CA,90210,127,LOS ANGELES,34.06857301,-118.3976207,127
SUNRISE ASSISTED LIVING OF HERMOSA BEACH,1837 PACIFIC COAST HIGHWAY,HERMOSA BEACH,CA,90254,127,LOS ANGELES,33.86862708,-118.3946754,127
ADAMS RESIDENTIAL CARE FACILITY,1665 W. ADAMS BLVD.,LOS ANGELES,CA,90007,63,LOS ANGELES,34.03295651,-118.2996537,63
HERITAGE BOARD & CARE #2,2445 PACIFIC AVENUE,LONG BEACH,CA,90806,18,LOS ANGELES,33.80158031,-118.1937695,18
LONE STAR BOARD & CARE,5140 CRENSHAW BLVD,LOS ANGELES,CA,90043,35,LOS ANGELES,33.9955968,-118.3303806,35
SANTA CLARITA CHRISTIAN SENIOR CARE,15541 SIERRA HWY,CANYON COUNTRY,CA,91390,12,LOS ANGELES,34.46648065,-118.4037798,12
"VILLA, THE",12565 DOWNEY AVENUE,DOWNEY,CA,90241,15,LOS ANGELES,33.92189519,-118.1470724,15
CANYON OAKS NURSING AND REHABILITATION CENTER,22029 SATICOY ST,CANOGA PARK,CA,91303,185,LOS ANGELES,34.20881783,-118.6074434,185
CHANDLER CONVALESCENT HOSPITAL,525 S CENTRAL AVE,GLENDALE,CA,91204,106,LOS ANGELES,34.13896168,-118.258492,106
COUNTRY VILLA BELMONT HEIGHTS HEALTHCARE CENTER,1730 GRAND AVE,LONG BEACH,CA,90804,117,LOS ANGELES,33.78836036,-118.1475628,117
COUNTRY VILLA EAST NURSING CENTER,2415 S WESTERN AVE,LOS ANGELES,CA,90018,99,LOS ANGELES,34.03438997,-118.3094333,99
LONG BEACH MEMORIAL MEDICAL CENTER D/P SNF,2801 ATLANTIC AVE,LONG BEACH,CA,90806,42,LOS ANGELES,33.80813168,-118.1868289,42
MISSION CARE CENTER,4800 DELTA AVE,ROSEMEAD,CA,91770,59,LOS ANGELES,34.09098161,-118.0863054,59
MONROVIA GARDENS HEALTHCARE CENTER,615 W DUARTE RD,MONROVIA,CA,91016,95,LOS ANGELES,34.13250718,-118.0120835,95
PACIFIC POST - ACUTE,1323 17TH STREET,SANTA MONICA,CA,90404,49,LOS ANGELES,34.02739361,-118.4836139,49
PASADENA ADULT LIVING CENTER,1415 N GARFIELD AVE,PASADENA,CA,91104,136,LOS ANGELES,34.16990554,-118.1441259,136
PROVIDENCE LITTLE COMPANY OF MARY SUBACUTE CARE CENTER,1322 W 6TH ST,SAN PEDRO,CA,90732,125,LOS ANGELES,33.73908698,-118.3062624,125
ROSEWOOD ASSISTED LIVING FACILITY,433 NORTH KENMORE AVENUE,LOS ANGELAS,CA,90004,34,LOS ANGELES,34.07877168,-118.297268,34
ROYAL VISTA SAN GABRIEL,901 W SANTA ANITA ST,SAN GABRIEL,CA,91776,100,LOS ANGELES,34.09546654,-118.112464,100
SOTHERN CALIFORNIA HOSPITAL,3828 DELMAS TER,CULVER CITY,CA,90232,21,LOS ANGELES,34.02300787,-118.3976771,21
TOTALLY KIDS SPECIALTY HEALTHCARE-SUN VALLEY,10716 LA TUNA CANYON RD,SUN VALLEY,CA,91352,45,LOS ANGELES,34.2338309,-118.364219,45
VIRGIL REHABILITATION AND SKILLED NURSING CENTER,975 N VIRGIL AVE,LOS ANGELES,CA,90029,124,LOS ANGELES,34.08937721,-118.2873215,124
WELLSPRINGS POST-ACUTE CENTER,44445 N. 15TH ST WEST,LANCASTER,CA,93534,299,LOS ANGELES,34.69018336,-118.1571559,299
BROOKDALE NORTH TARZANA,5711 RESEDA BOULVARD,TARZANA,CA,91356,135,LOS ANGELES,34.17502081,-118.5364668,135
CALIFORNIA GREEN TREE VILLA AST LVG & MEMORY CARE,6728 SEPULVEDA BOULEVARD,VAN NUYS,CA,91411,200,LOS ANGELES,34.19281587,-118.4654117,200
FOOTHILL RETIREMENT CARE HOME,6720 ST. ESTABAN STREET,TUJUNGA,CA,91042,72,LOS ANGELES,34.24514788,-118.2789606,72
SANTA MONICA PAVILION,12001 SANTA MONICA BLVD.,LOS ANGELES,CA,90025,44,LOS ANGELES,34.04088055,-118.4625094,44
EL DESCANSO RETIREMENT HOME,21020 E. CIENEGA AVENUE,COVINA,CA,91724,15,LOS ANGELES,34.10270157,-117.8455499,15
AMERICAN GUEST HOMES #3,2071 WASHINGTON BLVD,LOS ANGELES,CA,90018,15,LOS ANGELES,34.03997025,-118.3054394,15
ANTELOPE VALLEY RETIREMENT VILLA,44523 NORTH 15TH STREET WEST,LANCASTER,CA,93534,157,LOS ANGELES,34.69162428,-118.1574801,157
"BREAKERS OF LONG BEACH, THE",210 E OCEAN BLVD,LONG BEACH,CA,90802,205,LOS ANGELES,33.76641711,-118.1905637,205
DEL RIO GARDENS CARE CENTER,7002-4 EAST GAGE AVENUE,BELL GARDENS,CA,90201,84,LOS ANGELES,33.97183865,-118.1329126,84
ELMCREST CARE CENTER,3111 SANTA ANITA AVE,EL MONTE,CA,91733,96,LOS ANGELES,34.06447241,-118.0432131,96
"GLENDORA GRAND, INC.",805 W ARROW HWY,GLENDORA,CA,91740,342,LOS ANGELES,34.1059833,-117.8766918,342
HOLLYWOOD PREMIER HEALTHCARE CENTER,5401 FOUNTAIN AVE,LOS ANGELES,CA,90029,99,LOS ANGELES,34.09521787,-118.3072251,99
KEI-AI LOS ANGELES HEALTHCARE CENTER,2221 LINCOLN PARK AVE,LOS ANGELES,CA,90031,300,LOS ANGELES,34.07084553,-118.2034854,300
MAPLE HEALTHCARE CENTER,2625 MAPLE AVE,LOS ANGELES,CA,90011,59,LOS ANGELES,34.02283569,-118.2661641,59
MARINA POINTE HEALTHCARE & SUBACUTE,5240 SEPULVEDA BLVD,CULVER CITY,CA,90230,116,LOS ANGELES,33.9992719,-118.399534,116
PILGRIM PLACE HEALTH SERVICES CENTER,721 HARRISON AVE,CLAREMONT,CA,91711,62,LOS ANGELES,34.09918524,-117.7268855,62
ROYAL CREST HEALTH CARE,519 W BADILLO ST,COVINA,CA,91722,59,LOS ANGELES,34.08673721,-117.8995856,59
SANTA FE CONVALESCENT HOSPITAL,3294 SANTA FE AVE,LONG BEACH,CA,90810,90,LOS ANGELES,33.81660832,-118.2151621,90
SANTA MONICA HEALTH CARE CENTER,1320 20TH ST,SANTA MONICA,CA,90404,59,LOS ANGELES,34.02937251,-118.4811656,59
SOUTHLAND LIVING,11701 STUDEBAKER ROAD,NORWALK,CA,90650,75,LOS ANGELES,33.92625039,-118.1001519,75
SUNRISE GUEST HOME,3141 EUCLID AVE.,LYNWOOD,CA,90262,68,LOS ANGELES,33.91357225,-118.2154638,68
THE REHABILITATION CENTER OF SANTA MONICA,1338 20TH ST,SANTA MONICA,CA,90404,144,LOS ANGELES,34.02908245,-118.4807447,144
VIEW HEIGHTS CONVALESCENT HOSPITAL,12619 AVALON BLVD,LOS ANGELES,CA,90061,163,LOS ANGELES,33.91826904,-118.2656117,163
WINDSOR CONVALESCENT CENTER OF NORTH LONG BEACH,260 E MARKET ST,LONG BEACH,CA,90805,120,LOS ANGELES,33.85403141,-118.1909756,120
BEVERLY HILLS LOVING CARE,1019 S. WOOSTER STREET,LOS ANGELES,CA,90035,176,LOS ANGELES,34.05905861,-118.3827907,176
BROOKDALE MONROVIA,201 EAST FOOTHILL BLVD.,MONROVIA,CA,91016,75,LOS ANGELES,34.15170255,-117.9986145,75
CARDINAL YU-PIN MANOR,15602 BELSHIRE AVENUE,NORWALK,CA,90650,49,LOS ANGELES,33.88940425,-118.070039,49
CHATEAU LONG BEACH,3100 E. ARTESIA BLVD.,LONG BEACH,CA,90805,184,LOS ANGELES,33.87434096,-118.1561239,184
GLEN PARK AT GLENDALE - MARIPOSA ST.,1220 MARIPOSA STREET,GLENDALE,CA,91205,120,LOS ANGELES,34.1318929,-118.2495768,120
MOUNTAIN VIEW CENTER,715 WEST BASELINE ROAD,CLAREMONT,CA,91711,40,LOS ANGELES,34.12203891,-117.7273242,40
MUGUNGWHA SILVER TOWN,1423 S. MANHATTAN PLACE,LOS ANGELES,CA,90019,56,LOS ANGELES,34.04556027,-118.3105589,56
POSADA AT WHITTIER,8120 S. PAINTER AVENUE,WHITTIER,CA,90602,99,LOS ANGELES,33.96615605,-118.0324144,99
"RESIDENCES AT ROYAL BELLINGHAM, THE",12229 CHANDLER BOULEVARD,VALLEY VILLAGE,CA,91607,96,LOS ANGELES,34.16884059,-118.3996887,96
BELL GARDENS MANOR,8424 S EASTERN,BELL GARDENS,CA,90201,141,LOS ANGELES,33.95462,-118.163223,141
LOS ROBLES GUEST HOME,1657 NORTH LOS ROBLES,PASADENA,CA,91104,20,LOS ANGELES,34.17447041,-118.141669,20
SUNFLOWER HOMES INC,21014 & 21018 E. CIENEGA AVE,COVINA,CA,91724,15,LOS ANGELES,34.10263087,-117.8458171,15
BROADWAY MANOR CARE CENTER,605 W BROADWAY,GLENDALE,CA,91204,78,LOS ANGELES,34.14715078,-118.2672163,78
CAMELLIA GARDENS CARE CENTER,1920 N FAIR OAKS AVE,PASADENA,CA,91103,80,LOS ANGELES,34.1791046,-118.1502142,80
CATERED MANOR NURSING CENTER,4010 N VIRGINIA RD,LONG BEACH,CA,90807,83,LOS ANGELES,33.83118145,-118.1900892,83
GARDENA CONVALESCENT CENTER,14819 S VERMONT AVE,GARDENA,CA,90247,74,LOS ANGELES,33.89686914,-118.2923467,74
GLENHAVEN HEALTHCARE,212 W CHEVY CHASE DR,GLENDALE,CA,91204,52,LOS ANGELES,34.13320662,-118.2569907,52
HUNTINGTON HEALTHCARE CENTER,4515 HUNTINGTON DR S,LOS ANGELES,CA,90032,99,LOS ANGELES,34.08400348,-118.188548,99
LOMITA POST-ACUTE CARE CENTER,1955 LOMITA BLVD,LOMITA,CA,90717,71,LOS ANGELES,33.80008833,-118.3135589,71
MONROVIA POST ACUTE,1220 HUNTINGTON DR,DUARTE,CA,91010,82,LOS ANGELES,34.13801125,-117.9790432,82
OAKPARK HEALTHCARE CENTER,9166 TUJUNGA CANYON BLVD,TUJUNGA,CA,91042,49,LOS ANGELES,34.23607103,-118.2701647,49
ROYAL GARDENS HEALTHCARE,2339 W VALLEY BLVD,ALHAMBRA,CA,91803,43,LOS ANGELES,34.07737721,-118.149531,43
SUNRAY HEALTHCARE CENTER,3210 W PICO BLVD,LOS ANGELES,CA,90019,99,LOS ANGELES,34.04696305,-118.3121695,99
HERITAGE BOARD & CARE #4,1509 EAST 4TH STREET,LONG BEACH,CA,90802,18,LOS ANGELES,33.77202315,-118.1728466,18
OLIVIA ISABEL MANOR,21515 S. FIGUEROA STREET,CARSON,CA,90745,110,LOS ANGELES,33.83289824,-118.2863476,110
COUNTRY INN OF DOWNEY,11111 MYRTLE ST.,DOWNEY,CA,90241,150,LOS ANGELES,33.94272065,-118.1363491,150
EXBROOK ARMS,851 4TH STREET,SANTA MONICA,CA,90403,44,LOS ANGELES,34.02360421,-118.5031556,44
"HARBOR TERRACE RETIREMENT CENTER OF SAN PEDRO, LLC",435 WEST 8TH STREET,SAN PEDRO,CA,90731,202,LOS ANGELES,33.7367094,-118.2864677,202
CLEARWATER AT SOUTH BAY,3210 W. SEPULVEDA BLVD.,TORRANCE,CA,90505,90,LOS ANGELES,33.82431258,-118.3431685,90
WHITTIER PLACE SENIOR LIVING,12315 BURGESS AVENUE,WHITTIER,CA,90604,125,LOS ANGELES,33.91771555,-118.024375,125
C.M.A.,18432 GRIDLEY RD.,ARTESIA,CA,90701,32,LOS ANGELES,33.86374189,-118.0906212,32
"MERCEDES DIAZ HOMES, INC.-CARMENTIA","10746,10748,10750 CARMENTIA RD",WHITTIER,CA,90605,18,LOS ANGELES,33.94585423,-118.0329496,18
"HOLY CARE HOME CENTER, INC",2709 CENTRAL AVENUE,EL MONTE,CA,91732,30,LOS ANGELES,34.06120301,-118.047477,30
ALAMITOS BELMONT REHABILITATION HOSPITAL,3901 E 4TH ST,LONG BEACH,CA,90814,94,LOS ANGELES,33.7720612,-118.1467332,94
ATLANTIC MEMORIAL HEALTHCARE CENTER,2750 ATLANTIC AVE,LONG BEACH,CA,90806,100,LOS ANGELES,33.80691516,-118.1845755,100
AUTUMN HILLS HEALTH CARE CENTER,430 N GLENDALE AVE,GLENDALE,CA,91206,99,LOS ANGELES,34.15273531,-118.2431945,99
BROADWAY HEALTHCARE CENTER,112 E BROADWAY,SAN GABRIEL,CA,91776,59,LOS ANGELES,34.09876466,-118.0988989,59
COUNTRY MANOR HEALTHCARE,11723 FENTON AVE,SYLMAR,CA,91342,99,LOS ANGELES,34.28295389,-118.3932138,99
COUNTRY VILLA CLAREMONT HEALTHCARE CENTER,590 S INDIAN HILL BLVD,CLAREMONT,CA,91711,99,LOS ANGELES,34.085601,-117.71922,99
GREENFIELD CARE CENTER OF SOUTH GATE,8455 STATE ST,SOUTH GATE,CA,90280,99,LOS ANGELES,33.95895701,-118.211902,99
INFINITY CARE OF EAST LOS ANGELES,101 S FICKETT ST,LOS ANGELES,CA,90033,99,LOS ANGELES,34.04240235,-118.2076906,99
INLAND VALLEY CARE AND REHABILITATION CENTER,250 W ARTESIA ST,POMONA,CA,91768,241,LOS ANGELES,34.07707042,-117.7545519,241
LONG BEACH ADULT RESIDENTIAL FACILITY,2260 SANTA FE AVE,LONG BEACH,CA,90810,85,LOS ANGELES,33.79837855,-118.2152551,85
MONTEBELLO CARE CENTER,1035 W BEVERLY BLVD,MONTEBELLO,CA,90640,99,LOS ANGELES,34.01750865,-118.1096257,99
"MONTEREY HEALTHCARE & WELLNESS CENTRE, LP",1267 SAN GABRIEL BLVD.,ROSEMEAD,CA,91770,96,LOS ANGELES,34.04293211,-118.0885927,96
REGENCY PALMS,117 E. 8TH STREET,LONG BEACH,CA,90813,115,LOS ANGELES,33.77671563,-118.1920186,115
SAINT VINCENT HEALTHCARE,1810 N FAIR OAKS AVE,PASADENA,CA,91103,78,LOS ANGELES,34.17680138,-118.1505977,78
SAN FERNANDO POST ACUTE HOSPITAL,12260 FOOTHILL BLVD,SYLMAR,CA,91342,204,LOS ANGELES,34.2815318,-118.4038081,204
TEMPLE CITY HEALTHCARE,5101 TYLER AVE,TEMPLE CITY,CA,91780,59,LOS ANGELES,34.09838015,-118.0260091,59
WINDSOR GARDENS HEALTHCARE CENTER OF THE VALLEY,13000 VICTORY BLVD,NORTH HOLLYWOOD,CA,91606,99,LOS ANGELES,34.18640141,-118.4164791,99
BEVERLY HILLS CARMEL RETIREMENT HOTEL NORTH,8757 BURTON WAY,LOS ANGELES,CA,90048,138,LOS ANGELES,34.07262893,-118.3830207,138
CARROLL MANOR,38161 N. 90TH STREET,LITTLEROCK,CA,93543,31,LOS ANGELES,34.575576,-117.970363,31
SPRING SENIOR ASSISTED LIVING,20900 EARL STREET,TORRANCE,CA,90503,51,LOS ANGELES,33.8404007,-118.3575465,51
"VILLAGE AT NORTHRIDGE, THE",9222 CORBIN AVENUE,NORTHRIDGE,CA,91324,125,LOS ANGELES,34.23813703,-118.5615474,125
FAIR OAKS MANOR III,5035 ECHO STREET,HIGHLAND PARK,CA,90042,30,LOS ANGELES,34.10440012,-118.2002994,30
FOUNDERS HOUSE OF HOPE,18025 PIONEER AVE.,ARTESIA,CA,90701,98,LOS ANGELES,33.86674213,-118.0828313,98
MONTIANO RESIDENTIAL CARE,1022 W FLORENCE AVE,LOS ANGELES,CA,90044,24,LOS ANGELES,33.97462086,-118.292709,24
RAYMOND HOUSE,872 NORTH RAYMOND,PASADENA,CA,91103,22,LOS ANGELES,34.16093109,-118.1490597,22
SEVILLE BOARD & CARE,6803 SEVILLE AVENUE,HUNTINGTON PARK,CA,90255,24,LOS ANGELES,33.97775466,-118.2227835,24
UNDERWOOD GUEST HOME,1274 3RD AVENUE,LOS ANGELES,CA,90019,11,LOS ANGELES,34.04779079,-118.3198395,11
MELROSE GARDENS,1007-1013 N. MARTEL,LOS ANGELES,CA,90046,28,LOS ANGELES,34.0887629,-118.3508453,28
AFFINITY HEALTHCARE CENTER,7039 ALONDRA BLVD,PARAMOUNT,CA,90723,104,LOS ANGELES,33.88953317,-118.17588,104
BAY CREST CARE CENTER,3750 GARNET ST,TORRANCE,CA,90503,80,LOS ANGELES,33.84289447,-118.3527609,80
BRIER OAK ON SUNSET,5154 W SUNSET BLVD,LOS ANGELES,CA,90027,159,LOS ANGELES,34.09774523,-118.3024428,159
COLONIAL GARDENS NURSING HOME,7246 ROSEMEAD BLVD,PICO RIVERA,CA,90660,99,LOS ANGELES,33.97856359,-118.0989737,99
RIO HONDO SUBACUTE & NURSING CENTER,273 E BEVERLY BLVD,MONTEBELLO,CA,90640,200,LOS ANGELES,34.01399073,-118.0943074,200
SANTA ANITA CONVALESCENT HOSPITAL,5522 GRACEWOOD AVE.,TEMPLE CITY,CA,91780,391,LOS ANGELES,34.10188316,-118.0451697,391
WHITTIER HILLS HEALTH CARE CENTER,10426 BOGARDUS AVE,WHITTIER,CA,90603,160,LOS ANGELES,33.94171113,-117.9828966,160
WINDSOR CARE CENTER OF CHEVIOT HILLS,3533 MOTOR AVE,LOS ANGELES,CA,90034,99,LOS ANGELES,34.02577633,-118.4084327,99
WINDSOR GARDENS CONVALESCENT CENTER OF LONG BEACH,3232 E ARTESIA BLVD,LONG BEACH,CA,90805,199,LOS ANGELES,33.87415916,-118.1549678,199
WILMINGTON GARDENS,1311 WEST ANAHEIM STREET,WILMINGTON,CA,90744,48,LOS ANGELES,33.77946094,-118.278793,48
"BRITISH HOME IN CALIFORNIA LTD, THE",647 MANZANITA AVE,SIERRA MADRE,CA,91024,41,LOS ANGELES,34.15833061,-118.0660161,41
AMBASSADOR GARDEN,7324 CANBY AVENUE,RESEDA,CA,91335,158,LOS ANGELES,34.20365362,-118.5344991,158
BELMONT VILLAGE ENCINO,15451 VENTURA BLVD.,SHERMAN OAKS,CA,91403,150,LOS ANGELES,34.15492991,-118.4706149,150
BROOKDALE SOUTH TARZANA,18700 BURBANK BLVD.,TARZANA,CA,91356,90,LOS ANGELES,34.17210274,-118.5413078,90
HUNTINGTON RETIREMENT HOTEL,20920 EARL STREET,TORRANCE,CA,90503,155,LOS ANGELES,33.83990784,-118.3574775,155
KEIRO RETIREMENT HOME,325 SOUTH BOYLE AVENUE,LOS ANGELES,CA,90033,154,LOS ANGELES,34.0443502,-118.2205648,154
LA VERNE MANOR,2555 6TH STREET,LA VERNE,CA,91750,80,LOS ANGELES,34.10175397,-117.7602159,80
MEADOWBROOK AT AGOURA HILLS,5217 CHESEBRO ROAD,AGOURA HILLS,CA,91301,185,LOS ANGELES,34.1444739,-118.7400567,185
PASADENA HIGHLANDS,1575 EAST WASHINGTON BOULVARD,PASADENA,CA,91104,256,LOS ANGELES,34.16965757,-118.1184561,256
PRESTIGE ASSISTED LIVING AT LANCASTER,43454 30TH STREET WEST,LANCASTER,CA,93536,68,LOS ANGELES,34.67215762,-118.1829119,68
SILVERADO SENIOR LIVING - BEACH CITIES,514 N. PROSPECT AVENUE,REDONDO BEACH,CA,90277,120,LOS ANGELES,33.85301174,-118.3789165,120
GREEN'S RESIDENTIAL HOME,7715 CRENSHAW BOULEVARD,LOS ANGELES,CA,90043,14,LOS ANGELES,33.96945057,-118.3308599,14
PASADENA GUEST HOME,1025 NORTH LOS ROBLES AVENUE,PASADENA,CA,91104,30,LOS ANGELES,34.16347514,-118.1419268,30
RAMONA GUEST HOME - BELLFLOWER,9555 RAMONA ST,BELLFLOWER,CA,90706,29,LOS ANGELES,33.87319296,-118.1299172,29
WALKER'S CARE,5131 CHESLEY AVE.,LOS ANGELES,CA,90043,15,LOS ANGELES,33.995771,-118.334409,15
BRIARCREST NURSING CENTER,5648 GOTHAM ST,BELL GARDENS,CA,90201,135,LOS ANGELES,33.9607383,-118.1665896,135
COMMUNITY CARE CENTER,2335 MOUNTAIN AVE,DUARTE,CA,91010,167,LOS ANGELES,34.12271685,-117.9907121,167
GARDEN CREST REHABILITATION CENTER,909 LUCILE AVE,LOS ANGELES,CA,90026,72,LOS ANGELES,34.08563422,-118.2829769,72
GLADSTONE CARE AND REHABILITATION CENTER,435 E GLADSTONE ST,GLENDORA,CA,91740,118,LOS ANGELES,34.11449304,-117.8564757,118
HERITAGE MANOR,610 N GARFIELD AVE,MONTEREY PARK,CA,91754,99,LOS ANGELES,34.06880208,-118.122688,99
MY LADIES GUEST HOUSE,128 N. FOURTH STREET,ALHAMBRA,CA,91801,15,LOS ANGELES,34.09521949,-118.132344,15
NEW VISTA POST-ACUTE CARE CENTER,1516 SAWTELLE BLVD,LOS ANGELES,CA,90025,116,LOS ANGELES,34.0479738,-118.4494194,116
NORTHRIDGE CARE CENTER,7836 RESEDA BLVD,RESEDA,CA,91335,97,LOS ANGELES,34.21309272,-118.5357546,97
PALAZZO POST ACUTE,5400 FOUNTAIN AVE,LOS ANGELES,CA,90029,99,LOS ANGELES,34.09478423,-118.307156,99
PASADENA PARK HEALTHCARE AND WELLNESS CENTER,2585 E WASHINGTON BLVD,PASADENA,CA,91107,99,LOS ANGELES,34.17015354,-118.0973501,99
POMONA VISTA CARE CENTER,651 N MAIN ST,POMONA,CA,91768,59,LOS ANGELES,34.06394135,-117.7524541,59
ROYAL TERRACE HEALTH CARE,1340 HIGHLAND AVE,DUARTE,CA,91010,58,LOS ANGELES,34.13727605,-117.9663873,58
STUDIO CITY REHABILITATION CENTER,11429 VENTURA BLVD,STUDIO CITY,CA,91604,181,LOS ANGELES,34.13994036,-118.3798081,181
SUNRISE AT PALOS VERDES,25535 HAWTHORNE BLVD,TORRANCE,CA,90505,115,LOS ANGELES,33.79443486,-118.3498054,115
WESTLAKE CONVALESCENT HOSPITAL,316 S WESTLAKE AVE,LOS ANGELES,CA,90057,114,LOS ANGELES,34.061869,-118.2715294,114
"ELDORADO OAKS, INC",1762 DALE ROAD,GLENDORA,CA,91740,65,LOS ANGELES,34.10638239,-117.8758205,65
GLEN PARK AT VALLEY VILLAGE,5527 LAUREL CANYON BLVD.,VALLEY VILLAGE,CA,91607,100,LOS ANGELES,34.1710885,-118.3967852,100
SOMERFORD PLACE OF NORTHRIDGE,8700 N. LINDLEY AVENUE,NORTHRIDGE,CA,91325,110,LOS ANGELES,34.22928782,-118.5270258,110
SUNRISE ASSISTED LIVING OF SANTA MONICA,1312 15TH STREET,SANTA MONICA,CA,90404,100,LOS ANGELES,34.02565116,-118.4861213,100
SUNRISE ASSISTED LIVING OF WEST HILLS,9012 TOPANGA CANYON BLVD,WEST HILLS,CA,91304,90,LOS ANGELES,34.2342955,-118.6037789,90
ALMA LODGE,1750 COLORADO BLVD.,LOS ANGELES,CA,90041,80,LOS ANGELES,34.13928086,-118.2054594,80
FAIROAKS MANOR,1753 NORTH FAIR OAKS AVE,PASADENA,CA,91103,16,LOS ANGELES,34.17578055,-118.1507398,16
SIMLA VILLAS INC.,16623 ARDMORE AVENUE,BELLFLOWER,CA,90706,15,LOS ANGELES,33.88308785,-118.1293651,15
BEL VISTA HEALTHCARE CENTER,5001 E ANAHEIM ST,LONG BEACH,CA,90804,41,LOS ANGELES,33.78294013,-118.1354595,41
CLARA BALDWIN STOCKER HOME,527 S VALINDA AVE,WEST COVINA,CA,91790,48,LOS ANGELES,34.06510608,-117.9261738,48
GATEWAYS NORMANDIE VILLAGE,225 N MARIPOSA AVE,LOS ANGELES,CA,90004,48,LOS ANGELES,34.07601587,-118.2997352,48
JOYCE EISENBERG KEEFER MEDICAL CENTER,7150 TAMPA AVE,RESEDA,CA,91335,239,LOS ANGELES,34.20042007,-118.5531138,239
MARYCREST MANOR,10664 SAINT JAMES DR,CULVER CITY,CA,90230,57,LOS ANGELES,33.99932377,-118.3834376,57
MIRADA HILLS REHABILITATION AND CONVALESCENT HOSP,12200 LA MIRADA BLVD,LA MIRADA,CA,90638,142,LOS ANGELES,33.91958219,-118.0106936,142
PACIFIC CARE NURSING CENTER,3355 PACIFIC PL,LONG BEACH,CA,90806,99,LOS ANGELES,33.81830968,-118.1959604,99
PASADENA MEADOWS NURSING CENTER,150 BELLEFONTAINE ST,PASADENA,CA,91105,130,LOS ANGELES,34.13125691,-118.1538186,130
RAMONA NURSING & REHABILITATION CENTER,11900 RAMONA BLVD,EL MONTE,CA,91732,148,LOS ANGELES,34.07461093,-118.0157535,148
ROYAL CARE SKILLED NURSING CENTER,2725 PACIFIC AVE,LONG BEACH,CA,90806,98,LOS ANGELES,33.80663624,-118.1940808,98
SYLMAR HEALTH AND REHABILITATION CENTER,12220 FOOTHILL BLVD,SYLMAR,CA,91342,208,LOS ANGELES,34.28086914,-118.4030368,208
VILLA SERENA HEALTHCARE CENTER,723 E 9TH ST,LONG BEACH,CA,90813,52,LOS ANGELES,33.77792804,-118.1831793,52
LA CRESCENTA CHATEAU,7634 WYNGATE STREET,TUJUNGA,CA,91042,57,LOS ANGELES,34.25706356,-118.299069,57
YORK HEALTHCARE & WELLNESS CENTRE,6071 YORK BLVD,LOS ANGELES,CA,90042,107,LOS ANGELES,34.11789612,-118.1869877,107
WALKERS' CARE III,4309 W. ADAMS BLVD.,LOS ANGELES,CA,90018,49,LOS ANGELES,34.03296223,-118.3323767,49
CASTLE VIEW RETIREMENT ESTATE,1425 NORTH GARFIELD AVENUE,PASADENA,CA,91104,40,LOS ANGELES,34.17045917,-118.1445242,40
FINE GOLD MANOR RETIREMENT,10537 MAGNOLIA BLVD.,NORTH HOLLYWOOD,CA,91601,100,LOS ANGELES,34.16515854,-118.3609528,100
GARDEN OF PALMS,1025 N. FAIRFAX AVE,LOS ANGELES,CA,90046,130,LOS ANGELES,34.08948424,-118.3618316,130
ST JOHN GRANDE,2446 S ST ANDREWS PLACE,LOS ANGELES,CA,90018,51,LOS ANGELES,34.03338479,-118.311576,51
SUNRISE OF PLAYA VISTA,5555 PLAYA VISTA DRIVE,PLAYA VISTA,CA,90094,102,LOS ANGELES,33.97350139,-118.4281149,102
"VICTOR ROYALE, LLC",120 E. LAUREL STREET,GLENDALE,CA,91205,60,LOS ANGELES,34.12737119,-118.2538318,60
MELROSE VILLAS,823 NO. POINSETTIA PL.,LOS ANGELES,CA,90046,85,LOS ANGELES,34.08611717,-118.3490417,85
ANNE SIPPI CLINIC,2457 ENDICOTT ST.,LOS ANGELES,CA,90032,37,LOS ANGELES,34.07545011,-118.1730083,37
FALK'S FAMILY HOME,15431 E. GARO STREET,HACIENDA HEIGHTS,CA,91745,12,LOS ANGELES,34.00872035,-117.9728896,12
LEE'S CONTINENTAL GUEST HOME,444 EAST 51ST STREET,LOS ANGELES,CA,90011,20,LOS ANGELES,33.99656031,-118.2658194,20
WASHINGTON MANOR,5222 WASHINGTON BLVD,LOS ANGELES,CA,90016,30,LOS ANGELES,34.04118651,-118.3550388,30
BENTLEY MANOR BY SERENITY CARE HEALTH,3425 MCLAUGHLIN AVE.,LOS ANGELES,CA,90066,27,LOS ANGELES,34.0159781,-118.4306434,27
LAS CASITAS ASSISTED LIVING,1633-1645 N. HOLLYWOOD WAY,BURBANK,CA,91505,17,LOS ANGELES,34.17809658,-118.3496513,17
WALNUT VILLA,13975 TELEGRAPH RD.,WHITTIER,CA,90604,20,LOS ANGELES,33.93220626,-118.0333975,20
ANGELS NURSING HEALTH CENTER,415 S UNION AVE,LOS ANGELES,CA,90017,49,LOS ANGELES,34.05957329,-118.2688832,49
COLLEGE VISTA POST-ACUTE,4681 EAGLE ROCK BLVD,LOS ANGELES,CA,90041,49,LOS ANGELES,34.12970531,-118.2175725,49
COUNTRY VILLA SHERATON NURSING AND REHAB. CENTER,9655 SEPULVEDA BLVD,NORTH HILLS,CA,91343,138,LOS ANGELES,34.24608103,-118.4681382,138
COUNTRY VILLA SOUTH CONVALESCENT CENTER,3515 OVERLAND AVE,LOS ANGELES,CA,90034,87,LOS ANGELES,34.02415653,-118.4116358,87
DOWNEY COMMUNITY HEALTH CENTER,8425 IOWA ST,DOWNEY,CA,90241,198,LOS ANGELES,33.93693654,-118.1320556,198
FOOTHILL HEIGHTS CARE CENTER,1515 N FAIR OAKS AVE,PASADENA,CA,91103,49,LOS ANGELES,34.17203817,-118.1512625,49
LAKE BALBOA CARE CENTER,16955 VANOWEN ST,VAN NUYS,CA,91406,50,LOS ANGELES,34.19427321,-118.5031662,50
NORTH WALK VILLA CONVALESCENT HOSPITAL,12350 ROSECRANS AVE,NORWALK,CA,90650,59,LOS ANGELES,33.90181649,-118.0693689,59
WHITTIER PACIFIC CARE CENTER,7716 PICKERING AVE,WHITTIER,CA,90602,105,LOS ANGELES,33.97137042,-118.0418859,105
SHERMAN VILLAGE HEALTHCARE CENTER,12750 RIVERSIDE DR,VALLEY VILLAGE,CA,91607,108,LOS ANGELES,34.15733071,-118.4108835,108
SOUTH PASADENA CARE CENTER,904 MISSION ST,SOUTH PASADENA,CA,91030,156,LOS ANGELES,34.11615335,-118.1581852,156
WINDSOR TERRACE HEALTHCARE CENTER,7447 SEPULVEDA BLVD,VAN NUYS,CA,91405,133,LOS ANGELES,34.20630351,-118.466561,133
BELMONT VILLAGE RANCHO PALOS VERDES,5701 CRESTRIDGE ROAD,RANCHO PALOS VERDES,CA,90275,150,LOS ANGELES,33.76845605,-118.3757119,150
CORAL OAKS CARE LIVING,4271 CARLIN AVE,LYNWOOD,CA,90262,64,LOS ANGELES,33.91187053,-118.1941932,64
LOS FELIZ GARDENS,205 EAST LOS FELIZ ROAD,GLENDALE,CA,91205,199,LOS ANGELES,34.12894513,-118.2536322,199
BROOKDALE CHATSWORTH,20801 DEVONSHIRE BLVD,CHATSWORTH,CA,91311,268,LOS ANGELES,34.25756056,-118.587263,268
REGENCY PARK OAK KNOLL,255 SOUTH OAK KNOLL,PASADENA,CA,91101,206,LOS ANGELES,34.14158545,-118.1358821,206
SANTA ANITA RETIREMENT CENTER,5600 GRACEWOOD AVE,TEMPLE CITY,CA,91780,150,LOS ANGELES,34.10370793,-118.0455624,150
SUNRISE ASSISTED LIVING OF STUDIO CITY,4610 COLDWATER CANYON,STUDIO CITY,CA,91604,121,LOS ANGELES,34.15455901,-118.4133986,121
VILLA SORRENTO,23450 MADISON,TORRANCE,CA,90505,145,LOS ANGELES,33.81296607,-118.3472213,145
CRESTVIEW LODGE,4209-4211 GRIFFIN AVE.,LOS ANGELES,CA,90031,28,LOS ANGELES,34.09151224,-118.2044818,28
GOOD FAITH HARVARD HOME CARE SERVICES,502 SOUTH HARVARD BLVD.,LOS ANGELES,CA,90020,15,LOS ANGELES,34.06517066,-118.3041293,15
HIGHLAND MANOR GUEST HOME,3570 E. IMPERIAL HWY.,LYNWOOD,CA,90262,106,LOS ANGELES,33.93021528,-118.2065122,106
THEL'S BOARD AND CARE,969 W. VERNON AVE,LOS ANGELES,CA,90037,14,LOS ANGELES,34.00369064,-118.2907294,14
CASA CARMEN GUEST HOME,315 WEST DAWSON AVENUE,GLENDORA,CA,91740,15,LOS ANGELES,34.11792201,-117.868237,15
ATRIA TARZANA,5235 ETIWANDA AVE,TARZANA,CA,91456,136,LOS ANGELES,34.16654425,-118.5310323,136
IMPERIAL HEALTHCARE CENTER,11926 LA MIRADA BLVD,LA MIRADA,CA,90638,99,LOS ANGELES,33.92176209,-118.0108366,99
PACIFIC PALMS HEALTHCARE,1020 TERMINO AVE,LONG BEACH,CA,90804,133,LOS ANGELES,33.77938679,-118.1457181,133
SEAPORT 17TH CARE CENTER,1330 17TH ST,SANTA MONICA,CA,90404,72,LOS ANGELES,34.02695557,-118.4838641,72
SHERMAN OAKS HOSPITAL,4929 VAN NUYS BLVD,SHERMAN OAKS,CA,91403,22,LOS ANGELES,34.16023759,-118.4495281,22
ST. ANDREWS HEALTHCARE,2300 W WASHINGTON BLVD,LOS ANGELES,CA,90018,59,LOS ANGELES,34.03969585,-118.311854,59
TEMPLE PARK CONVALESCENT HOSPITAL,2411 W TEMPLE ST,LOS ANGELES,CA,90026,99,LOS ANGELES,34.07210371,-118.2727044,99
COUNTRY VILLA TERRACE ASSISTED LIVING CENTER,6050 W PICO BLVD,LOS ANGELES,CA,90035,136,LOS ANGELES,34.05237749,-118.3727581,136
WINDSOR PALMS CARE CENTER OF ARTESIA,11900 ARTESIA BLVD,ARTESIA,CA,90701,296,LOS ANGELES,33.87279585,-118.0793142,296
WESTMINSTER GARDENS,1420 SANTO DOMINGO AVENUE,DUARTE,CA,91010,200,LOS ANGELES,34.13785855,-117.9628063,200
BELMONT VILLAGE HOLLYWOOD,2051 N. HIGHLAND AVENUE,LOS ANGELES,CA,90068,150,LOS ANGELES,34.10805285,-118.337826,150
GLEN PARK AT GLENDALE - BOYNTON ST.,1250 BOYNTON STREET,GLENDALE,CA,91205,98,LOS ANGELES,34.13101851,-118.2484961,98
JEANNE JUGAN RESIDENCE,2100 SOUTH WESTERN AVENUE,SAN PEDRO,CA,90732,62,LOS ANGELES,33.72408778,-118.3108428,62
GLASSELL MANOR,3519 VERDUGO RD.,LOS ANGELES,CA,90065,16,LOS ANGELES,34.11500111,-118.2347296,16
"HIGHLAND PARK GUEST HOME, INC.",345 N. AVE 57,LOS ANGELES,CA,90042,40,LOS ANGELES,34.11314018,-118.1942799,40
S.G. VALLEY TRAINING CENTER-RESIDENTIAL FACILITY,360 SANTA MARIANA ST.,LA PUENTE,CA,91746,26,LOS ANGELES,34.04662931,-118.0025837,26
LARC ELDERLY HOME I,29896 BOUQUET CANYON ROAD,SAUGUS,CA,91350,15,LOS ANGELES,34.48418597,-118.4653806,15
AMERICARE ASSISTED LIVING FACILITY,1234 S MONTEBELLO BLVD,MONTEBELLO,CA,90640,12,LOS ANGELES,33.9883591,-118.1192196,12
COUNTRY VILLA BAY VISTA HEALTHCARE CENTER,5901 DOWNEY AVE,LONG BEACH,CA,90805,70,LOS ANGELES,33.86320003,-118.151493,70
COUNTRY VILLA MAR VISTA NURSING CENTER,3966 MARCASEL AVE,LOS ANGELES,CA,90066,68,LOS ANGELES,34.00388075,-118.4244318,68
EL MONTE CONVALESCENT HOSPITAL,4096 EASY ST,EL MONTE,CA,91731,99,LOS ANGELES,34.08374473,-118.0624718,99
GLENOAKS CONV. HOSPITAL,409 W GLENOAKS BLVD,GLENDALE,CA,91202,99,LOS ANGELES,34.16005943,-118.2619164,99
GOOD SHEPHERD HEALTH CARE CENTER OF SANTA MONICA,1131 ARIZONA AVE,SANTA MONICA,CA,90401,48,LOS ANGELES,34.02390515,-118.4895093,48
GRAND PARK CONVALESCENT HOSPITAL,2312 W 8TH ST,LOS ANGELES,CA,90057,151,LOS ANGELES,34.05578039,-118.2804542,151
GUARDIAN REHABILITATION HOSPITAL,533 S FAIRFAX AVE,LOS ANGELES,CA,90036,93,LOS ANGELES,34.06636274,-118.3616475,93
"HAWTHORNE HEALTHCARE & WELLNESS CENTRE, LP",11630 GREVILLEA AVE,HAWTHORNE,CA,90250,88,LOS ANGELES,33.9287091,-118.354629,88
MAYWOOD SKILLED NURSING & WELLNESS CENTRE,6025 PINE AVE,MAYWOOD,CA,90270,133,LOS ANGELES,33.98461936,-118.1888338,133
PANORAMA GARDENS,9541 VAN NUYS BLVD,PANORAMA CITY,CA,91402,149,LOS ANGELES,34.24401955,-118.4505337,149
ST. JOHN OF GOD RETIREMENT AND CARE CENTER,2468 S ST ANDREWS PL,LOS ANGELES,CA,90018,156,LOS ANGELES,34.03363838,-118.3110188,156
TARZANA HEALTH AND REHABILITATION CENTER,5650 RESEDA BLVD,TARZANA,CA,91356,180,LOS ANGELES,34.17387865,-118.5354613,180
TOPANGA TERRACE,22125 ROSCOE BLVD,CANOGA PARK,CA,91304,112,LOS ANGELES,34.2207446,-118.6087084,112
SUNRISE VILLA CULVER CITY,4061 GRAND VIEW BLVD.,LOS ANGELES,CA,90066,150,LOS ANGELES,33.99919118,-118.4276486,150
STUDIO ROYALE,3975 OVERLAND AVENUE,CULVER CITY,CA,90232,175,LOS ANGELES,34.01564366,-118.4047131,175
MONTE VISTA GROVE HOMES,2889 SAN PASQUAL STREET,PASADENA,CA,91107,16,LOS ANGELES,34.13858256,-118.0913815,16
SMILEY'S GUEST HOME,614-620 1/2 W. 92ND STREET,LOS ANGELES,CA,90044,15,LOS ANGELES,33.95229819,-118.2853356,15
BENTLEY SUITES BY SERENITY CARE HEALTH,851 4TH STREET,SANTA MONICA,CA,90403,44,LOS ANGELES,34.02312347,-118.503467,44
CALIFORNIA HEALTHCARE AND REHABILITATION CENTER,6700 SEPULVEDA BLVD,VAN NUYS,CA,91411,201,LOS ANGELES,34.19236669,-118.465909,201
CASITAS CARE CENTER,10626 BALBOA BLVD,GRANADA HILLS,CA,91344,99,LOS ANGELES,34.26333084,-118.501624,99
CLAREMONT MANOR CARE CENTER,621 W BONITA AVE,CLAREMONT,CA,91711,59,LOS ANGELES,34.09673031,-117.7251149,59
DEL MAR CONVALESCENT HOSPITAL,3136 DEL MAR AVE,ROSEMEAD,CA,91770,59,LOS ANGELES,34.06544674,-118.0992516,59
DUDLEY'S GUEST HOME,925-927 DUDLEY,POMONA,CA,91768,13,LOS ANGELES,34.06553389,-117.7775112,13
GLENDALE ADVENTIST MEDICAL CENTER D/P SNF,1509 WILSON TER,GLENDALE,CA,91206,40,LOS ANGELES,34.14995118,-118.2310115,40
GOLDEN CROSS HEALTH CARE,1450 N FAIR OAKS AVE,PASADENA,CA,91103,96,LOS ANGELES,34.17077242,-118.150543,96
GOOD SHEPHERD COTTAGE ASSISTED LIVING,1218 ROYAL OAKS DR,MONROVIA,CA,91016,28,LOS ANGELES,34.14173748,-117.9801103,28
GREEN ACRES HEALTHCARE CENTER,8101 HILL DR,ROSEMEAD,CA,91770,85,LOS ANGELES,34.04622931,-118.0922015,85
KENNEDY POST ACUTE CARE CENTER,619 N FAIRFAX AVE,LOS ANGELES,CA,90036,97,LOS ANGELES,34.08236434,-118.361723,97
LYDIAS GUEST HOME,1220 W. 166TH STREET A&B,GARDENA,CA,90247,12,LOS ANGELES,33.879903,-118.295912,12
MARLORA POST ACUTE REHABILITATION HOSPITAL,3801 E ANAHEIM ST,LONG BEACH,CA,90804,99,LOS ANGELES,33.78282586,-118.1478886,99
PALOS VERDES HEALTH CARE CENTER,26303 WESTERN AVE,LOMITA,CA,90717,48,LOS ANGELES,33.78352666,-118.3107024,48
PRIMROSE POST-ACUTE,515 CENTINELA AVE,INGLEWOOD,CA,90302,69,LOS ANGELES,33.97296871,-118.3501046,69
VALLEY VISTA RESIDENTIAL MANOR LLC,6130 VINELAND AVE,NORTH HOLLYWOOD,CA,91606,58,LOS ANGELES,34.1821636,-118.3697996,58
VICTORIA CARE CENTER,3541 PUENTE AVE,BALDWIN PARK,CA,91706,49,LOS ANGELES,34.07775094,-117.954614,49
WEST COVINA HEALTHCARE CENTER,850 S SUNKIST AVE,WEST COVINA,CA,91790,97,LOS ANGELES,34.07063187,-117.9484702,97
WOODRUFF CONVALESCENT CENTER,17836 WOODRUFF AVE,BELLFLOWER,CA,90706,140,LOS ANGELES,33.86999409,-118.1165024,140
ORANGE COMMUNITY CARE,2103 ORANGE AVENUE,LONG BEACH,CA,90806,36,LOS ANGELES,33.79550617,-118.1766339,36
FOUNTAINVIEW AT EISENBERG VILLAGE,6440 WILBUR AVENUE,RESEDA,CA,91335,216,LOS ANGELES,34.1877539,-118.5443398,216
ABBEY ROAD VILLA,14132 HUBBARD STREET,SYLMAR,CA,91342,78,LOS ANGELES,34.29771641,-118.440573,78
ARTESIA CHRISTIAN HOME,11614 EAST 183RD STREET,ARTESIA,CA,90701,115,LOS ANGELES,33.86520528,-118.0860177,115
ATRIA COVINA,825 W. SAN BERNARDINO RD.,COVINA,CA,91722,90,LOS ANGELES,34.08931987,-117.9064913,90
GARDENA RETIREMENT CENTER,14741 S. VERMONT AVE.,GARDENA,CA,90247,108,LOS ANGELES,33.89723323,-118.2925403,108
SAN DIMAS RETIREMENT CENTER,834 WEST ARROW HIGHWAY,SAN DIMAS,CA,91773,343,LOS ANGELES,34.10615654,-117.8238795,343
CANYON TRAILS AT TOPANGA SENIOR LIVING,7945 TOPANGA CANYON BOULEVARD,CANOGA PARK,CA,91304,120,LOS ANGELES,34.21508365,-118.6063164,120
VILLA SCALABRINI RETIREMENT CENTER,10631 VINEDALE STREET,SUN VALLEY,CA,91352,130,LOS ANGELES,34.22966828,-118.3629456,130
ELDORADO TOWNHOUSE,1217 S. ALVARADO ST.,LOS ANGELES,CA,90006,48,LOS ANGELES,34.04843224,-118.2822777,48
FAITH MANOR,1832 SOUTH ARLINGTON AVE.,LOS ANGELES,CA,90019,21,LOS ANGELES,34.04077108,-118.3177193,21
HIGHLAND PARK GUEST HOME INC. II,346 N. AVE 57,LOS ANGELES,CA,90042,21,LOS ANGELES,34.11302034,-118.1943191,21
RAECHELLE CARE HOME,2215 W. 15TH ST.,LOS ANGELES,CA,90006,24,LOS ANGELES,34.04549527,-118.2871116,24
AVANTGARDE OF TARZANA ALZHEIMER'S LIVING,5647 LINDLEY AVENUE,TARZANA,CA,91356,22,LOS ANGELES,34.17365394,-118.5280343,22
"PROMISE ASSISTED LIVING, LLC.",1231 SOUTH ALVARADO STREET,LOS ANGELES,CA,90006,22,LOS ANGELES,34.04806376,-118.2825489,22
SUNNYSIDE GUEST HOME,4457 N. MAXSON ROAD,EL MONTE,CA,91732,12,LOS ANGELES,34.08125076,-118.0050291,12
ANTELOPE VALLEY CARE CENTER,44567 15TH ST W,LANCASTER,CA,93534,199,LOS ANGELES,34.69234826,-118.1574478,199
BURLINGTON CONVALESCENT HOSPITAL,845 S BURLINGTON AVE,LOS ANGELES,CA,90057,124,LOS ANGELES,34.05235937,-118.2756203,124
COUNTRY OAKS CARE CENTER,215 W PEARL ST,POMONA,CA,91768,81,LOS ANGELES,34.0649486,-117.7527908,81
COURTYARD CARE CENTER,1880 DAWSON AVE,SIGNAL HILL,CA,90755,59,LOS ANGELES,33.79121534,-118.1653094,59
GLENDALE HEALTHCARE CENTER,1208 S CENTRAL AVE,GLENDALE,CA,91204,48,LOS ANGELES,34.13183716,-118.2576321,48
HOLIDAY MANOR CARE CENTER,20554 ROSCOE BLVD,WINNETKA,CA,91306,94,LOS ANGELES,34.21972903,-118.5816311,94
NORWALK SKILLED NURSING & WELLNESS CENTRE,11510 IMPERIAL HWY,NORWALK,CA,90650,99,LOS ANGELES,33.91684116,-118.0878841,99
"PACIFIC VILLA, INC.",3501 CEDAR AVE,LONG BEACH,CA,90807,99,LOS ANGELES,33.82070766,-118.1959135,99
PARKWEST HEALTHCARE CENTER,6740 WILBUR AVE,RESEDA,CA,91335,98,LOS ANGELES,34.19337555,-118.5445073,98
VIEW PARK CONVALESCENT CENTER,3737 DON FELIPE DR,LOS ANGELES,CA,90008,99,LOS ANGELES,34.00747756,-118.3407983,99
CLAREMONT SHELTERED CARE CENTER INC,650 S INDIANHILL BLVD,CLAREMONT,CA,91711,70,LOS ANGELES,34.08426541,-117.7190159,70
PASA ALTA MANOR,1790 NORTH FAIR OAKS AVENUE,PASADENA,CA,91103,81,LOS ANGELES,34.17632531,-118.1503268,81
MASONIC HOMES FOR ADULTS,1650 EAST OLD BADILLO ST,COVINA,CA,91724,112,LOS ANGELES,34.08546639,-117.8552921,112
BIXBY KNOLLS TOWER,3747 ATLANTIC AVENUE,LONG BEACH,CA,90807,65,LOS ANGELES,33.82610196,-118.1855148,65
BROOKDALE ALHAMBRA,1 EAST COMMONWEALTH,ALHAMBRA,CA,91801,150,LOS ANGELES,34.09282214,-118.1244264,150
EVERGREEN CHATEAU,13530 SHERMAN WAY,VAN NUYS,CA,91405,46,LOS ANGELES,34.20094084,-118.4280306,46
"INN ON THE BOULEVARD RETIREMENT HOTEL, THE",11201 VENTURA BOULEVARD,STUDIO CITY,CA,91604,152,LOS ANGELES,34.14245471,-118.374387,152
LE BLEU CHATEAU - GOLD,1911 GRISMER,BURBANK,CA,91504,100,LOS ANGELES,34.19579245,-118.3259709,100
"PALOS VERDES VILLA, LLC",29661 S. WESTERN AVE,RANCHO PALOS VERDES,CA,90275,116,LOS ANGELES,33.74703073,-118.3103539,116
SILVERADO SENIOR LIVING - CALABASAS,25100 CALABASAS ROAD,CALABASAS,CA,91302,110,LOS ANGELES,34.14819157,-118.6721228,110
SILVERADO SENIOR LIVING - SIERRA VISTA,125 W. SIERRA MADRE AVENUE,AZUSA,CA,91702,87,LOS ANGELES,34.14739661,-117.9080306,87
SUNRISE ASSISTED LIVING OF WOODLAND HILLS,20461 VENTURA BOULEVARD,WOODLAND HILLS,CA,91364,127,LOS ANGELES,34.1685317,-118.5790302,127
TWELVE OAKS,2820 SYCAMORE AVENUE,LA CRESCENTA,CA,91214,63,LOS ANGELES,34.21036746,-118.2409334,63
"VILLAGE AT SHERMAN OAKS, THE",5450 VESPER AVENUE,SHERMAN OAKS,CA,91411,100,LOS ANGELES,34.16964691,-118.4503287,100
ENCINO TERRACE SENIOR LIVING,16025 VENTURA BLVD.,ENCINO,CA,91436,85,LOS ANGELES,34.15654947,-118.4819246,85
"WATERMARK AT BEVERLY HILLS, THE",220 N. CLARK DRIVE,LOS ANGELES,CA,90211,75,LOS ANGELES,34.069857,-118.384423,75
WESTCHESTER VILLA,220 W. MANCHESTER BLVD.,INGLEWOOD,CA,90301,174,LOS ANGELES,33.9608584,-118.3583053,174
BAY BREEZE CARE,1653- 55 SANTA FE AVE,LONG BEACH,CA,90813,76,LOS ANGELES,33.787437,-118.215844,76
"D4, INC.",4541 N FIGUEROA ST,LOS ANGELES,CA,90065,100,LOS ANGELES,34.09753456,-118.2073153,100
FOUNDATION FOR THE JUNIOR BLIND,5300 ANGELES VISTA BLVD.,LOS ANGELES,CA,90043,40,LOS ANGELES,33.99421878,-118.3435776,40
HARBOR VIEW HOUSE,921 S BEACON ST,SAN PEDRO,CA,90731,204,LOS ANGELES,33.73556409,-118.2806929,204
LOVING CARE GUEST HOME,15027 - 15031 BLACKWOOD ST,LA PUENTE,CA,91744,12,LOS ANGELES,34.03806112,-117.9273894,12
DEE'S GROUP HOME #3,941 W. 77TH STREET,LOS ANGELES,CA,90044,14,LOS ANGELES,33.96976053,-118.2906395,14
EVERGREEN SENIOR CARE,528 HOWARD STREET,ALHAMBRA,CA,91801,14,LOS ANGELES,34.09282808,-118.1337515,14
BONNIE'S GUEST HOUSE INC.,135 NORTH BONNIE AVENUE,PASADENA,CA,91106,14,LOS ANGELES,34.14843113,-118.1157692,14
AIDEN HOMES INC,4209-4211 GRIFFIN AVE,LOS ANGELES,CA,90031,28,LOS ANGELES,34.09144364,-118.2047709,28
ALCOTT REHABILITATION HOSPITAL,3551 W OLYMPIC BLVD,LOS ANGELES,CA,90019,121,LOS ANGELES,34.05282505,-118.3168357,121
ARCADIA HEALTH CARE CENTER,1601 S BALDWIN AVE,ARCADIA,CA,91007,117,LOS ANGELES,34.12094486,-118.055632,117
BEVERLY WEST HEALTHCARE,1020 S FAIRFAX AVE,LOS ANGELES,CA,90019,120,LOS ANGELES,34.05750778,-118.3638303,120
GREATER EL MONTE COMMUNITY HOSPITAL D/P SNF,1701 SANTA ANITA AVE,SOUTH EL MONTE,CA,91733,13,LOS ANGELES,34.04800145,-118.0432181,13
HARBOR POST ACUTE CARE CENTER,21521 S VERMONT AVE,TORRANCE,CA,90502,127,LOS ANGELES,33.83259285,-118.2905774,127
HARBOR VIEW BEHAVIORAL HEALTH CENTER,490 W 14TH ST,LONG BEACH,CA,90813,39,LOS ANGELES,33.78353254,-118.1978543,39
LA BREA REHABILITATION CENTER,505 N LA BREA AVE,LOS ANGELES,CA,90036,141,LOS ANGELES,34.08059666,-118.3443815,141
LA CRESCENTA HEALTHCARE CENTER,3050 MONTROSE AVE,LA CRESCENTA,CA,91214,92,LOS ANGELES,34.21940848,-118.2464624,92
MONTECEDRO,2212 EL MOLINO,ALTADENA,CA,91001,300,LOS ANGELES,34.18330357,-118.1337947,300
PALACE OF VENICE,1727 S. CRENSHAW BLVD.,LOS ANGELES,CA,90019,22,LOS ANGELES,34.04291567,-118.3298284,22
SANTA FE LODGE,5053 PECK RD,EL MONTE,CA,91732,46,LOS ANGELES,34.09516479,-118.0131272,46
THE GROVE POST-ACUTE CARE CENTER,14122 HUBBARD ST,SYLMAR,CA,91342,75,LOS ANGELES,34.2977161,-118.4397919,75
"TORRANCE CARE CENTER WEST, INC.",4333 TORRANCE BLVD,TORRANCE,CA,90503,195,LOS ANGELES,33.83803202,-118.3601116,195
ATHERTON BAPTIST HOMES,214 SOUTH ATLANTIC BLVD.,ALHAMBRA,CA,91801,518,LOS ANGELES,34.08898633,-118.1340308,518
ARBOR VISTA,811 E WASHINGTON BLVD,PASADENA,CA,91104,69,LOS ANGELES,34.16934679,-118.1339801,69
AVANTGARDE SENIOR LIVING OF TARZANA,5645 LINDLEY AVENUE,TARZANA,CA,91356,98,LOS ANGELES,34.17369702,-118.5279362,98
HACIENDA GRANDE SENIOR ASSISTED LIVING,1740 GRAND AVENUE,LONG BEACH,CA,90804,120,LOS ANGELES,33.78874658,-118.1475946,120
MERIDIAN OF CULVER,10955 WASHINGTON BLVD.,CULVER CITY,CA,90232,115,LOS ANGELES,34.01261942,-118.4103036,115
NIKKEI SENIOR GARDENS,9221 ARLETA AVE.,ARLETA,CA,91331,106,LOS ANGELES,34.23700556,-118.4217148,106
MERIDIAN AT OCEAN VILLA,413 OCEAN AVE.,SANTA MONICA,CA,90402,36,LOS ANGELES,34.02555556,-118.5118092,36
ROSECRANS VILLA RESIDENTIAL CARE,14110 CORDARY AVENUE,HAWTHORNE,CA,90250,135,LOS ANGELES,33.90320009,-118.3414526,135
"HILLVIEW RESIDENTIAL CENTER, BUILDING C","12408 VAN NUYS BLVD, BUID. C",PACOIMA,CA,91331,15,LOS ANGELES,34.27913475,-118.4037152,15
LARC ADULT HOME I,29898 N BOUQUET CANYON RD,SAUGUS,CA,91350,72,LOS ANGELES,34.478207,-118.463395,72
CAMELOT RESIDENTIAL HOME,10337 BEACH STREET,BELLFLOWER,CA,90706,20,LOS ANGELES,33.87768646,-118.1138272,20
CASA CARMEN ONE,"315 W DAWSON AVE, STE 101",GLENDORA,CA,91740,15,LOS ANGELES,34.11792201,-117.8683381,15
ARBOR GLEN CARE CENTER,1033 E ARROW HWY,GLENDORA,CA,91740,96,LOS ANGELES,34.10724734,-117.8429911,96
BRENTWOOD HEALTH CARE CENTER,1321 FRANKLIN ST,SANTA MONICA,CA,90404,59,LOS ANGELES,34.03895014,-118.4693126,59
CALIFORNIA POST ACUTE,909 S LAKE ST,LOS ANGELES,CA,90006,66,LOS ANGELES,34.05386724,-118.2803263,66
CARLIN ASSISTED LIVING,4271 CARLIN AVENUE,LYNWOOD,CA,90262,64,LOS ANGELES,33.91150216,-118.1943896,64
COUNTRY VILLA REHABILITATION CENTER,340 S ALVARADO ST,LOS ANGELES,CA,90057,180,LOS ANGELES,34.06181708,-118.2730974,180
DEPARTMENT OF STATE HOSPITALS - METROPOLITAN,11401 SOUTH BLOOMFIELD AVE,NORWALK,CA,90650,102,LOS ANGELES,33.92726051,-118.0662131,102
HERITAGE REHABILITATION CENTER,21414 S VERMONT AVE,TORRANCE,CA,90502,161,LOS ANGELES,33.83386733,-118.2897952,161
IMPERIAL CREST HEALTH CARE CENTER,11834 INGLEWOOD AVE,HAWTHORNE,CA,90250,105,LOS ANGELES,33.92623586,-118.3611594,105
LA PAZ GEROPSYCHIATRIC CENTER,8835 VANS ST,PARAMOUNT,CA,90723,173,LOS ANGELES,33.8923129,-118.1441377,173
LAKEVIEW TERRACE,831 S LAKE STREET,LOS ANGELES,CA,90057,99,LOS ANGELES,34.05461191,-118.2798692,99
MONTE VISTA HEALTHCARE CENTER,802 BUENA VISTA ST,DUARTE,CA,91010,69,LOS ANGELES,34.14296805,-117.9772867,69
MONTEREY PARK CONVALESCENT HOSPITAL,416 N GARFIELD AVE,MONTEREY PARK,CA,91754,89,LOS ANGELES,34.06672502,-118.1225581,89
SEACREST CONVALESCENT HOSPITAL,1416 W 6TH ST,SAN PEDRO,CA,90732,80,LOS ANGELES,33.73919078,-118.3078988,80
STEAMAN ASSISTED LIVING,11126 SOUTH MAIN STREET,LOS ANGELES,CA,90061,15,LOS ANGELES,33.93409074,-118.2736728,15
THE EARLWOOD,20820 EARL ST,TORRANCE,CA,90503,87,LOS ANGELES,33.84074811,-118.3575613,87
WELBROOK SENIOR LIVING SANTA MONICA,1450 17TH STREET,SANTA MONICA,CA,90404,50,LOS ANGELES,34.02512116,-118.4816365,50
BELMONT VILLAGE WESTWOOD,10475 WILSHIRE BOULEVARD,LOS ANGELES,CA,90024,240,LOS ANGELES,34.06560037,-118.4317274,240
"CEDARS ASSISTED LIVING, THE",17300 ROSCOE BLVD.,NORTHRIDGE,CA,91325,175,LOS ANGELES,34.2207169,-118.5101932,175
BROOKDALE WALNUT,19850 EAST COLIMA ROAD,WALNUT,CA,91789,120,LOS ANGELES,33.9873981,-117.868141,120
HOLLYWOOD ROYALE GARDENS,6054 FRANKLIN AVENUE,LOS ANGELES,CA,90028,120,LOS ANGELES,34.10496411,-118.3216903,120
"OLIVE BRANCH ASSISTED LIVING, THE",10215 BALBOA BLVD.,NORTHRIDGE,CA,91325,146,LOS ANGELES,34.25638182,-118.5037058,146
VILLA REDONDO CARE HOME,237 REDONDO AVENUE,LONG BEACH,CA,90803,80,LOS ANGELES,33.76543708,-118.1528478,80
DORIS'S HOME OF COMPASSION,8921 SO. MANHATTAN PL.,LOS ANGELES,CA,90047,11,LOS ANGELES,33.95564046,-118.3101891,11
GATEWAYS HOSPITAL AND MHC,3455 PERCY STREET,LOS ANGELES,CA,90023,136,LOS ANGELES,34.02846086,-118.1986656,136
KENDALL GUEST HOME,4700 N MAXSON ROAD,EL MONTE,CA,91732,15,LOS ANGELES,34.08548079,-118.0031693,15
AVALON VILLA CARE CENTER,12029 AVALON BLVD,LOS ANGELES,CA,90061,131,LOS ANGELES,33.92281958,-118.2655084,131
BALDWIN GARDENS NURSING CENTER,10786 LIVE OAK AVE,TEMPLE CITY,CA,91780,59,LOS ANGELES,34.1063716,-118.0356537,59
BERKLEY WEST CONVALESCENT HOSPITAL,1623 ARIZONA AVE,SANTA MONICA,CA,90404,54,LOS ANGELES,34.02770081,-118.484889,54
"MONTECITO HEIGHTS HEALTHCARE & WELLNESS CENTRE, LP.",4585 N FIGUEROA ST,LOS ANGELES,CA,90065,90,LOS ANGELES,34.09798797,-118.2061125,90
ROSECRANS CARE CENTER,1140 W ROSECRANS AVE,GARDENA,CA,90247,113,LOS ANGELES,33.90145028,-118.2951564,113
SANTA CLARITA POST-ACUTE CARE CENTER,23801 NEWHALL AVE LLC,NEWHALL,CA,91321,99,LOS ANGELES,34.3718517,-118.5173666,99
BETHANY ASSISTED LIVING CENTER,819 BUENA VISTA ST,DUARTE,CA,91010,99,LOS ANGELES,34.14174884,-117.9792132,99
SOLHEIM SENIOR COMMUNITY,2236 MERTON AVENUE,LOS ANGELES,CA,90041,126,LOS ANGELES,34.13773008,-118.2161255,126
"WHITTIER NURSING AND WELLNESS CENTER, INC.",7926 PAINTER AVE,WHITTIER,CA,90602,36,LOS ANGELES,33.96927164,-118.0323222,36
HERITAGE BOARD & CARE #3,2900 E. 7TH STREET,LONG BEACH,CA,90804,17,LOS ANGELES,33.77507429,-118.1576996,17
WESTSIDE MANOR,4836 WEST WASHINGTON BLVD.,LOS ANGELES,CA,90016,136,LOS ANGELES,34.03954737,-118.3447356,136
WINDSOR HALL CARE HOME INC.,1415 W. JAMES WOOD,LOS ANGELES,CA,90015,82,LOS ANGELES,34.04011043,-118.2648078,82
BRENTWOOD MANOR,1449 WELLESLEY AVENUE,LOS ANGELES,CA,90025,140,LOS ANGELES,34.03968224,-118.4658828,140
COMMONWEALTH ROYALE GUEST HOME,150 S. COMMONWEALTH AVE,LOS ANGELES,CA,90004,99,LOS ANGELES,34.07186807,-118.2852173,99
GLEN PARK AT MONROVIA,110 N. MOUNTIAN AVE.,MONROVIA,CA,91016,49,LOS ANGELES,34.15192554,-117.9857979,49
LAKEWOOD GARDENS,12055 S. LAKEWOOD BLVD.,DOWNEY,CA,90242,150,LOS ANGELES,33.92562058,-118.1317624,150
LAKEWOOD PARK MANOR,12045 S. LAKEWOOD BLVD.,DOWNEY,CA,90242,160,LOS ANGELES,33.92608284,-118.1315524,160
HENRIETTA'S LEVEN OAKS BY SERENITY CARE HEALTH,120 SOUTH MYRTLE,MONROVIA,CA,91016,36,LOS ANGELES,34.1506761,-118.0006913,36
TERRAZA OF CHEVIOT HILLS,3340 SHELBY DRIVE,LOS ANGELES,CA,90034,100,LOS ANGELES,34.03132145,-118.4015329,100
WESTWOOD PLAZA RETIREMENT,2228 WESTWOOD BLVD.,LOS ANGELES,CA,90064,136,LOS ANGELES,34.04352596,-118.4309602,136
ANGELICA GUEST HOME,12613 LONG BEACH BLVD,LYNWOOD,CA,90262,48,LOS ANGELES,33.91245342,-118.2094117,48
FRANK'S ADULT RESIDENTIAL HOME,1911 W. 137TH STREET,COMPTON,CA,90222,16,LOS ANGELES,33.9072711,-118.2534093,16
HENDRICKS HOME,1610 W. 27TH ST.,LOS ANGELES,CA,90007,12,LOS ANGELES,34.030911,-118.297809,12
THEODORE GUEST HOME,960 SOUTH ELDEN AVE,LOS ANGELES,CA,90006,19,LOS ANGELES,34.0536484,-118.287418,19
WILLIAMS' GUEST HOME,1702 CRENSHAW BL.,LOS ANGELES,CA,90019,11,LOS ANGELES,34.04344092,-118.3291096,11
WILTON HAVEN,909 S. WILTON PL.,LOS ANGELES,CA,90019,30,LOS ANGELES,34.05546599,-118.3145426,30
ASTORIA 2,8041 BLACKBURN AVENUE,LOS ANGELES,CA,90048,16,LOS ANGELES,34.07120056,-118.3654192,16
ST. JOHN OF KRONSTADT HOME,655 NO. SERRANO,LOS ANGELES,CA,90004,21,LOS ANGELES,34.08321849,-118.3072312,21
ABRAJANO GROUP HOME,5953 E. GALLANT ST.,BELL GARDENS,CA,90201,12,LOS ANGELES,33.96189357,-118.1612918,12
CLEAR VIEW CONVALESCENT CENTER,15823 S WESTERN AVE,GARDENA,CA,90247,99,LOS ANGELES,33.8869822,-118.3099238,99
EL ENCANTO HEALTHCARE AND HABILITATION CENTER,555 EL ENCANTO RD,CITY OF INDUSTRY,CA,91745,155,LOS ANGELES,34.02069402,-117.9650089,155
GLENDORA CANYON TRANSITIONAL CARE UNIT,401 W ADA AVE,GLENDORA,CA,91741,120,LOS ANGELES,34.13282043,-117.8695224,120
LONG BEACH HEALTHCARE CENTER,3401 CEDAR AVE,LONG BEACH,CA,90807,154,LOS ANGELES,33.81988701,-118.1956205,154
MANCHESTER MANOR CVLT HOSPITAL,837 W MANCHESTER AVE,LOS ANGELES,CA,90044,49,LOS ANGELES,33.96027657,-118.2884978,49
MAYFLOWER GARDENS CONVALESCENT HOSPITAL,6705 COLUMBIA WAY,LANCASTER,CA,93536,48,LOS ANGELES,34.64581192,-118.2496248,48
PICO RIVERA HEALTHCARE CENTER,9140 VERNER ST,PICO RIVERA,CA,90660,99,LOS ANGELES,33.99851688,-118.0828035,99
THE ORCHARD - POST ACUTE CARE,12385 WASHINGTON BLVD,WHITTIER,CA,90606,162,LOS ANGELES,33.96809595,-118.0497991,162
VALLEY PALMS CARE CENTER,13400 SHERMAN WAY,NORTH HOLLYWOOD,CA,91605,99,LOS ANGELES,34.20089559,-118.4252805,99
PARKVIEW MANOR,5055 NOVGOROD STREET,LOS ANGELES,CA,90032,86,LOS ANGELES,34.09079074,-118.1732708,86
"SALVATION ARMY/EXODUS HOUSE, THE","11301 WILSHIRE BLVD, BLDG 207",LOS ANGELES,CA,90073,94,LOS ANGELES,34.05269541,-118.4526446,94
AEGIS OF GRANADA HILLS,10801 LINDLEY AVE.,GRANADA HILLS,CA,91344,100,LOS ANGELES,34.26657605,-118.5271684,100
BRITTANY HOUSE,5401 E. CENTRALIA STREET,LONG BEACH,CA,90808,170,LOS ANGELES,33.84005,-118.1274174,170
"GARDENS AT PARK BALBOA, THE",7046 KESTER AVENUE,VAN NUYS,CA,91405,120,LOS ANGELES,34.19856581,-118.457106,120
GOLDEN ASSISTED LIVING,14060 ASTORIA STREET,SYLMAR,CA,91342,128,LOS ANGELES,34.31044065,-118.4394816,128
GRANDVIEW RETIREMENT HOME,2211 WEST 6TH STREET,LOS ANGELES,CA,90057,216,LOS ANGELES,34.0604678,-118.276411,216
REGENT VILLA RETIREMENT HOME,201 W. WARDLOW RD.,LONG BEACH,CA,90807,188,LOS ANGELES,33.81931309,-118.1941104,188
ORA'S BOARD & CARE,2012 W WASHINGTON BLVD,LOS ANGELES,CA,90018,15,LOS ANGELES,34.03968319,-118.3035916,15
WILSHIRE VISTA RESIDENCE,883 CRENSHAW BLVD,LOS ANGELES,CA,90005,14,LOS ANGELES,34.05710958,-118.3219952,14
OLIVE TREE,1035 OLIVE AVENUE,LONG BEACH,CA,90813,18,LOS ANGELES,33.7796904,-118.1828596,18
BROADWAY BY THE SEA,2725 E BROADWAY,LONG BEACH,CA,90803,98,LOS ANGELES,33.76597341,-118.1599632,98
"CENTURY VILLA, INC.",301 CENTINELA AVE,INGLEWOOD,CA,90302,99,LOS ANGELES,33.97021457,-118.3481218,99
CITRUS VALLEY HOSPICE,820 N PHILLIPS AVE,WEST COVINA,CA,91791,10,LOS ANGELES,34.08548256,-117.9050325,10
COUNTRY VILLA WESTWOOD CONVALESCENT CENTER,12121 SANTA MONICA BLVD,LOS ANGELES,CA,90025,93,LOS ANGELES,34.04039297,-118.4643374,93
CRENSHAW NURSING HOME,1900 S LONGWOOD AVE,LOS ANGELES,CA,90016,55,LOS ANGELES,34.03966768,-118.3452905,55
GRIFFITH PARK HEALTHCARE CENTER,201 ALLEN AVE,GLENDALE,CA,91201,94,LOS ANGELES,34.16278759,-118.3059506,94
MESA GLEN CARE CENTER,638 E COLORADO AVE,GLENDORA,CA,91740,96,LOS ANGELES,34.12684742,-117.8552954,96
NEW VISTA NURSING AND REHABILITATION CENTER,8647 FENWICK ST,SUNLAND,CA,91040,121,LOS ANGELES,34.26168627,-118.3217327,121
SOCAL POST-ACUTE CARE,7931 SORENSEN AVE,WHITTIER,CA,90606,59,LOS ANGELES,33.97027597,-118.0602809,59
THE ELLISON JOHN TRANSITIONAL CARE CENTER,43830 10TH STREET WEST,LANCASTER,CA,93534,170,LOS ANGELES,34.67895142,-118.1465294,170
UNIVERSITY PARK HEALTHCARE CENTER,230 E ADAMS BLVD,LOS ANGELES,CA,90011,88,LOS ANGELES,34.02366336,-118.2666553,88
CROWN HOUSE,3055 EAST DEL MAR BOULEVARD,PASADENA,CA,91107,15,LOS ANGELES,34.1424188,-118.0869334,15
PACIFIC VIEW GUEST HOME,2300 S. PACIFIC AVENUE,SAN PEDRO,CA,90731,72,LOS ANGELES,33.72313873,-118.2876665,72
BRETHREN HILLCREST HOMES,2705 MOUNTAIN VIEW DRIVE,LA VERNE,CA,91750,573,LOS ANGELES,34.10615772,-117.7745243,573
PILGRIM PLACE IN CLAREMONT,625 MAYFLOWER ROAD,CLAREMONT,CA,91711,454,LOS ANGELES,34.10020818,-117.723538,454
BELLFLOWER CHRISTIAN RETIREMENT CENTER,9349 ROSE STREET,BELLFLOWER,CA,90706,70,LOS ANGELES,33.87020031,-118.1343354,70
"HAVENS AT ANTELOPE VALLEY ASSISTED LIVING, THE",43051 15TH STREET WEST,LANCASTER,CA,93534,115,LOS ANGELES,34.66545452,-118.1581117,115
CALIFORNIA MISSION INN,8417 MISSION DRIVE,ROSEMEAD,CA,91770,85,LOS ANGELES,34.08992676,-118.0859343,85
JASMIN TERRACE AT EL MOLINO,245 S. EL MOLINO AVE.,PASADENA,CA,91101,206,LOS ANGELES,34.14152631,-118.1374661,206
PARK VENTURA RETIREMENT,21200 VENTURA BLVD.,WOODLAND HILLS,CA,91364,200,LOS ANGELES,34.16690464,-118.5953601,200
DUPE HOME CARE SERVICES,4804 SOUTH VAN NESS AVENUE,LOS ANGELES,CA,90062,15,LOS ANGELES,33.99977057,-118.3171293,15
HAMILTON HOUSE,739 W. GLENOAKS BLVD.,GLENDALE,CA,91202,11,LOS ANGELES,34.16031001,-118.27246,11
HOPE MANOR,2612 N. LINCOLN,ALTADENA,CA,91001,50,LOS ANGELES,34.19051,-118.158317,50
"SIMON, ERNEST",1408 SOUTH MANHATTAN PLACE,LOS ANGELES,CA,90019,12,LOS ANGELES,34.04591026,-118.3101592,12
CASA CARMEN TWO,"315 W DAWSON AVE, STE 102",GLENDORA,CA,91740,15,LOS ANGELES,34.11801719,-117.8683262,15
CALIFORNIA VILLA,3929 NORTH DURFEE AVENUE,EL MONTE,CA,91732,24,LOS ANGELES,34.07211946,-118.0076059,24
BERKLEY EAST CONVALESCENT HOSPITAL,2021 ARIZONA AVE,SANTA MONICA,CA,90404,207,LOS ANGELES,34.03083321,-118.4811851,207
EASTLAND SUBACUTE AND REHABILITATION CENTER,3825 DURFEE AVE,EL MONTE,CA,91732,139,LOS ANGELES,34.07102116,-118.0083008,139
LAUREL PARK BEHAVIORAL HEALTH CENTER,1425 LAUREL AVE,POMONA,CA,91768,43,LOS ANGELES,34.06509594,-117.7734507,43
"PINE GROVE HEALTHCARE & WELLNESS CENTRE, LP",126 N SAN GABRIEL BLVD,SAN GABRIEL,CA,91775,75,LOS ANGELES,34.10443994,-118.0907169,75
RIGHT AT HOME,2245 ELM AVE.,LONG BEACH,CA,90806,16,LOS ANGELES,33.797951,-118.18825,16
ROYAL PALMS POST ACUTE,630 W BROADWAY,GLENDALE,CA,91204,140,LOS ANGELES,34.14649376,-118.2678625,140
WEST HILLS HEALTH AND REHABILITATION CENTER,7940 TOPANGA CANYON BLVD,CANOGA PARK,CA,91304,145,LOS ANGELES,34.21470534,-118.6054189,145
WEST VALLEY POST ACUTE,7057 SHOUP AVE,WEST HILLS,CA,91307,128,LOS ANGELES,34.19892049,-118.6150229,128
SEPULVEDA RESIDENTIAL,8025 SEPULVEDA,VAN NUYS,CA,91402,100,LOS ANGELES,34.21615639,-118.466711,100
CLAREMONT MANOR,650 W. HARRISON AVE.,CLAREMONT,CA,91711,360,LOS ANGELES,34.09746244,-117.7253314,360
COURTYARD PLAZA,6951 LENNOX AVENUE,VAN NUYS,CA,91405,195,LOS ANGELES,34.19727537,-118.4457874,195
DOWNEY RETIREMENT CENTER,11500 DOLAN AVENUE,DOWNEY,CA,90241,252,LOS ANGELES,33.93645931,-118.1331567,252
LEISURE VALE RETIREMENT HOTEL,413 E. CYPRESS,GLENDALE,CA,91205,199,LOS ANGELES,34.1300069,-118.2506048,199
VISTA VERANDA ASSISTED LIVING,"3540 MARTIN LUTHER KING, JR.",LYNWOOD,CA,90262,178,LOS ANGELES,33.93496616,-118.2064678,178
IMMACULATE HEART BOARD AND CARE,743 WEST GARDENA BOULEVARD,GARDENA,CA,90247,12,LOS ANGELES,33.88168006,-118.2883695,12
MARISVILLE GUEST HOME,911 NORTH MARIPOSA AVENUE,LOS ANGELES,CA,90029,23,LOS ANGELES,34.08670106,-118.2990696,23
DOCTORS HOSPITAL OF WEST COVINA D/P SNF,725 S ORANGE AVE,WEST COVINA,CA,91790,33,LOS ANGELES,34.07099515,-117.9448093,33
GRANADA HILLS CONVALESCENT HOSPITAL,16123 CHATSWORTH ST,GRANADA HILLS,CA,91344,48,LOS ANGELES,34.26501049,-118.4835807,48
GREENFIELD CARE CENTER OF GARDENA,16530 S BROADWAY,GARDENA,CA,90248,50,LOS ANGELES,33.8810346,-118.2779704,50
HUNTINGTON PARK NURSING CENTER,6425 MILES AVE,HUNTINGTON PARK,CA,90255,99,LOS ANGELES,33.98097962,-118.2196218,99
INGLEWOOD HEALTH CARE CENTER,100 S HILLCREST BLVD,INGLEWOOD,CA,90301,99,LOS ANGELES,33.962276,-118.34845,99
SIERRA VIEW CARE CENTER,14318 OHIO ST,BALDWIN PARK,CA,91706,98,LOS ANGELES,34.09434809,-117.9625549,98
STONEY POINT HEALTHCARE CENTER,21820 CRAGGY VIEW ST.,CHATSWORTH,CA,91311,132,LOS ANGELES,34.25499173,-118.60499,132
THE ROWLAND,330 W ROWLAND ST,COVINA,CA,91723,126,LOS ANGELES,34.07864163,-117.8950739,126
CRYSTAL MANOR RESIDENTIAL CARE HOME,3406 BALDWIN PARK BOULEVARD,BALDWIN PARK,CA,91706,26,LOS ANGELES,34.07396636,-117.9742304,26
GATEWAYS SATELLITE NORTH,440 N HOOVER STREET,LOS ANGELES,CA,90026,18,LOS ANGELES,34.07889727,-118.2842009,18
ALTA VISTA GARDENS,829 N. ALTA VISTA BOULEVARD,LOS ANGELES,CA,90046,70,LOS ANGELES,34.08612983,-118.3478119,70
ARARAT HOME OF LOS ANGELES,15105 MISSION HILLS RD.,MISSION HILLS,CA,91345,130,LOS ANGELES,34.28227481,-118.4614051,130
BELLA VISTA,1760 NORTH FAIR OAKS AVENUE,PASADENA,CA,91103,72,LOS ANGELES,34.17598215,-118.1505113,72
CALIFORNIA MISSION INN - ROSE MANOR,4825 EARLE AVENUE,ROSEMEAD,CA,91770,85,LOS ANGELES,34.09033758,-118.0856491,85
"CITY VIEW VILLA, LLC",515 N. LA BREA AVENUE,LOS ANGELES,CA,90036,166,LOS ANGELES,34.08101901,-118.3444623,166
FALLBROOK GLEN OF WEST HILLS,6833 FALLBROOK AVENUE,WEST HILLS,CA,91307,114,LOS ANGELES,34.19449749,-118.6238672,114
SILVERADO SENIOR LIVING - BEVERLY PLACE,330 N. HAYWORTH AVENUE,LOS ANGELES,CA,90048,256,LOS ANGELES,34.07692523,-118.3623972,256
SUNNY HILLS ASSISTED LIVING (MEMORY CARE),8717 WEST OLYMPIC BLVD.,LOS ANGELES,CA,90035,120,LOS ANGELES,34.05971169,-118.3821822,120
SUNRISE ASSISTED LIVING AT SAN MARINO,8332 HUNTINGTON DRIVE,SAN GABRIEL,CA,91775,74,LOS ANGELES,34.12750506,-118.0879591,74
VALLEY VIEW RETIREMENT CENTER,7720 WOODMAN AVE.,PANORAMA CITY,CA,91402,116,LOS ANGELES,34.21047368,-118.4303865,116
CHEZ BON GUEST HOME,1206 WALNUT AVENUE,LONG BEACH,CA,90813,82,LOS ANGELES,33.78194362,-118.1718185,82
EDEN MANOR,8919 CALIFORNIA AVENUE,SOUTH GATE,CA,90280,45,LOS ANGELES,33.9536177,-118.2063984,45
GILMAR MANOR,15152 VICTORY BLVD.,VAN NUYS,CA,91411,78,LOS ANGELES,34.18636535,-118.4637293,78
BEAUTY OF NATURE ADULT HOME CARE,1803 SOUTH WHITE AVENUE,POMONA,CA,91766,574,LOS ANGELES,34.0386175,-117.7585224,574
BURBANK HEALTHCARE AND REHABILITATION CENTER,1041 S MAIN ST,BURBANK,CA,91506,188,LOS ANGELES,34.16254871,-118.3117568,188
COLONIAL CARE CENTER,1913 E 5TH ST,LONG BEACH,CA,90802,196,LOS ANGELES,33.77326149,-118.1683434,196
EDGEWATER SKILLED NURSING CENTER,2625 E 4TH ST,LONG BEACH,CA,90814,81,LOS ANGELES,33.77197126,-118.160606,81
GARDEN VIEW POST-ACUTE REHABILITATION,14475 GARDEN VIEW LN,BALDWIN PARK,CA,91706,97,LOS ANGELES,34.06874618,-117.9603482,97
IDLE ACRE SANITARIUM & CONVALESCENT HOSPITAL,5044 BUFFINGTON RD,EL MONTE,CA,91732,53,LOS ANGELES,34.09340614,-118.0079848,53
INTERCOMMUNITY CARE CENTER,2626 GRAND AVE,LONG BEACH,CA,90815,147,LOS ANGELES,33.80502135,-118.1458426,147
LANCASTER HEALTH CARE CENTER,1642 W AVENUE J,LANCASTER,CA,93534,99,LOS ANGELES,34.68907479,-118.1598871,99
"ST MARY BOARD & CARE, INC.",2513 CARNEGIE LANE,REDONDO BEACH,CA,90278,22,LOS ANGELES,33.87115225,-118.365254,22
VERMONT HEALTHCARE CENTER,22035 S VERMONT AVE,TORRANCE,CA,90502,200,LOS ANGELES,33.82698097,-118.290789,200
ROYAL VISTA CARE CENTER,909 W SANTA ANITA ST,SAN GABRIEL,CA,91776,99,LOS ANGELES,34.09491923,-118.1125215,99
WHITTIER GLEN ASSISTED LIVING,10615 JORDAN ROAD,WHITTIER,CA,90603,93,LOS ANGELES,33.9393391,-117.981587,93
SPRINGFIELD MANOR,2526 NORTH NEW AVENUE,ROSEMEAD,CA,91770,32,LOS ANGELES,34.05844704,-118.1080241,32
ARCADIA RETIREMENT VILLAGE,607 W. DUARTE ROAD,ARCADIA,CA,91007,149,LOS ANGELES,34.12706117,-118.0517085,149
"ARCADIAN, THE",753 W. DUARTE RD.,ARCADIA,CA,91007,120,LOS ANGELES,34.12604581,-118.0571575,120
BEVERLY HILLS CARMEL RETIREMENT HOTEL,8750 BURTON WAY,LOS ANGELES,CA,90048,200,LOS ANGELES,34.07189165,-118.3833291,200
BROOKDALE CENTRAL WHITTIER,8101 SOUTH PAINTER AVENUE,WHITTIER,CA,90602,92,LOS ANGELES,33.96653621,-118.0329569,92
GLEN PARK AT LONG BEACH,1046 EAST 4TH STREET,LONG BEACH,CA,90802,208,LOS ANGELES,33.77136638,-118.1789014,208
HAYWORTH TERRACE,325 N. HAYWORTH AVENUE,LOS ANGELES,CA,90048,111,LOS ANGELES,34.07682671,-118.3628207,111
"KENSINGTON SIERRA MADRE, THE",245 W. SIERRA MADRE BLVD.,SIERRA MADRE,CA,91024,106,LOS ANGELES,34.16220332,-118.0578526,106
OAK PARK MANOR,501 SOUTH COLLEGE,CLAREMONT,CA,91711,54,LOS ANGELES,34.08668647,-117.71546,54
REDWOOD GROVE,10159 HILLHAVEN AVENUE,TUJUNGA,CA,91042,60,LOS ANGELES,34.25405945,-118.290066,60
"CLIMB, INC.",161 W. SIERRA MADRE BLVD.,SIERRA MADRE,CA,91024,40,LOS ANGELES,34.16217981,-118.0560848,40
R & R MAJESTIC ASSISTED LIVING,7354 DESOTO AVENUE,CANOGA PARK,CA,91303,24,LOS ANGELES,34.20449278,-118.5881443,24
A & W ADULT RESIDENTIAL CENTER,3598 MARTIN LUTHER KING BL.#1,LYNWOOD,CA,90262,46,LOS ANGELES,33.93294968,-118.2046912,46
BERKLEY VALLEY CONVALESCENT HOSPITAL,6600 SEPULVEDA BLVD,VAN NUYS,CA,91411,125,LOS ANGELES,34.19060556,-118.4655411,125
DRIFTWOOD HEALTHCARE CENTER,4109 EMERALD ST,TORRANCE,CA,90503,99,LOS ANGELES,33.84177606,-118.3571165,99
INTERCOMMUNITY HEALTHCARE & REHABILITATION CENTER,12627 STUDEBAKER RD,NORWALK,CA,90650,86,LOS ANGELES,33.91643669,-118.0995972,86
LIVE OAK REHABILITATION CENTER,537 W LIVE OAK ST,SAN GABRIEL,CA,91776,99,LOS ANGELES,34.1005894,-118.1077952,99
NORTH VALLEY NURSING CENTER,7660 WYNGATE ST,TUJUNGA,CA,91042,92,LOS ANGELES,34.25720368,-118.299695,92
REGENCY OAKS POST ACUTE CARE CENTER,3850 E ESTHER ST,LONG BEACH,CA,90804,99,LOS ANGELES,33.78874897,-118.1468875,99
RINALDI CONVALESCENT HOSPITAL,16553 RINALDI ST,GRANADA HILLS,CA,91344,99,LOS ANGELES,34.27967287,-118.4928275,99
SHERMAN OAKS HEALTH & REHABILITATION CENTER,14401 HUSTON ST,SHERMAN OAKS,CA,91423,120,LOS ANGELES,34.15970981,-118.4467319,120
SUNSET MANOR CONVALESCENT HOSPITAL,2720 NEVADA AVE,EL MONTE,CA,91733,81,LOS ANGELES,34.06103163,-118.0364955,81
THE REHABILITATION CENTRE OF BEVERLY HILLS,580 S SAN VICENTE BLVD,LOS ANGELES,CA,90048,150,LOS ANGELES,34.06654669,-118.3731268,150
VILLA LUREN,13749 E. CREWE STREET,WHITTIER,CA,90605,62,LOS ANGELES,33.92293671,-118.038652,62
CROFTON MANOR INN,1950 E. 5TH ST.,LONG BEACH,CA,90802,213,LOS ANGELES,33.77262275,-118.1678681,213
CHANCELLOR PLACE OF PASADENA,990 EAST DEL MAR BOULEVARD,PASADENA,CA,91106,60,LOS ANGELES,34.14067364,-118.1298898,60
MOTHER GERTRUDE HOME,11320 LAUREL CANYON BLVD,SAN FERNANDO,CA,91340,45,LOS ANGELES,34.2761119,-118.44991,45
OAKMONT OF WHITTIER,13617 WHITTIER BLVD,WHITTIER,CA,90605,97,LOS ANGELES,33.96136357,-118.0277502,97
WOODRUFF CARE HOME INC,16409 WOODRUFF AVENUE,BELLFLOWER,CA,90706,88,LOS ANGELES,33.88502802,-118.117768,88
C L B,4201 E 10TH STREET,LONG BEACH,CA,90804,48,LOS ANGELES,33.77914728,-118.1435393,48
COMEAUX FAMILY HOME,1470 W. ADAMS BLVD.,LOS ANGELES,CA,90007,15,LOS ANGELES,34.03276042,-118.2936297,15
HERITAGE BOARD & CARE #1,2330 & 2340 EAST 15TH STREET,LONG BEACH,CA,90804,48,LOS ANGELES,33.786023,-118.163811,48
NEW HORIZONS HOME,15756 PARTHENIA STREET,NORTH HILLS,CA,91343,12,LOS ANGELES,34.22832002,-118.476089,12
OGDEN MANOR HOME CARE SERVICE,904 NORTH OGDEN DRIVE,WEST HOLLYWOOD,CA,90046,15,LOS ANGELES,34.08744677,-118.3592501,15
QUINCY MANOR,115 N CHESTER AVE,COMPTON,CA,90221,12,LOS ANGELES,33.89648113,-118.2148689,12
BENTLEY MANOR,3425 MCLAUGHLIN AVENUE,LOS ANGELES,CA,90066,22,LOS ANGELES,34.01602569,-118.4306969,22
"RAYA'S PARADISE, INC.",1156 N. GARDNER ST.,WEST HOLLYWOOD,CA,90046,11,LOS ANGELES,34.09231037,-118.3528098,11
SUNSET GUEST HOME,12312 OSBORNE PLACE,PACOIMA,CA,91331,24,LOS ANGELES,34.25878225,-118.4000769,24
ANAND CARE CENTER III,11143 SOUTH PRARIE AVE,INGLEWOOD,CA,90303,20,LOS ANGELES,33.93358182,-118.3444806,20
CASA DE ESPERANZA,12000 DENHOLM DR.,EL MONTE,CA,91733,15,LOS ANGELES,34.06091945,-118.0200782,15
ASTORIA NURSING AND REHAB CENTER,14040 ASTORIA ST,SYLMAR,CA,91342,218,LOS ANGELES,34.31139949,-118.4392599,218
BEL TOOREN VILLA CONVALESCENT HOSPITAL,16910 WOODRUFF AVE,BELLFLOWER,CA,90706,99,LOS ANGELES,33.88068067,-118.11686,99
CHINO VALLEY HEALTH CARE CENTER,2351 S TOWNE AVE,POMONA,CA,91766,102,LOS ANGELES,34.02848003,-117.7408054,102
KEI-AI SOUTH BAY HEALTHCARE CENTER,15115 S VERMONT AVE,GARDENA,CA,90247,98,LOS ANGELES,33.89436383,-118.2923067,98
SAKURA GARDENS AT LOS ANGELES,325 SOUTH BOYLE AVENUE,LOS ANGELES,CA,90033,154,LOS ANGELES,34.04442551,-118.2199987,154
LAKEWOOD HEALTHCARE CENTER,12023 LAKEWOOD BLVD,DOWNEY,CA,90242,290,LOS ANGELES,33.92658104,-118.1312807,290
LEISURE GLEN POST ACUTE CARE CENTER,330 MISSION RD,GLENDALE,CA,91205,125,LOS ANGELES,34.12688392,-118.251509,125
LIFE PATH LA BOARD & CARE,11720 INGLEWOOD AVENUE,HAWTHORNE,CA,90250,26,LOS ANGELES,33.92751245,-118.3611422,26
MISSION LODGE SANITARIUM,824 GLADYS AVENUE,SAN GABRIEL,CA,91776,79,LOS ANGELES,34.09257677,-118.0888785,79
"PANORAMA MEADOWS NURSING CENTER, LP",14857 ROSCOE BLVD,PANORAMA CITY,CA,91402,98,LOS ANGELES,34.22196065,-118.4571005,98
PRESBYTERIAN INTERCOMMUNITY HOSPITAL D/P SNF,12401 WASHINGTON BLVD,WHITTIER,CA,90602,35,LOS ANGELES,33.9687017,-118.0486997,35
PROVIDENCE HOLY CROSS MEDICAL CENTER D/P SNF,11600A INDIAN HILLS RD,MISSION HILLS,CA,91345,48,LOS ANGELES,34.2809408,-118.4577392,48
ROSE GARDEN HEALTHCARE CENTER,1899 N RAYMOND AVE,PASADENA,CA,91103,95,LOS ANGELES,34.17828103,-118.1495772,95
SILVER LAKE ARF,2623 BELLEVUE AVE,LOS ANGELES,CA,90026,15,LOS ANGELES,34.07612636,-118.2733228,15
HAMILTON VILLA,948 SOUTH HAMILTON BLVD.,POMONA,CA,91766,84,LOS ANGELES,34.05073735,-117.7627612,84
SCANDIA GUEST LODGE,1248 E. 10TH STREET,LONG BEACH,CA,90813,74,LOS ANGELES,33.77878157,-118.1752696,74
VILLA FLORA,10932 CARMENITA RD.,WHITTIER,CA,90605,32,LOS ANGELES,33.93233094,-118.0460968,32
KINGSLEY MANOR,1055 NORTH KINGSLEY DRIVE,LOS ANGELES,CA,90029,299,LOS ANGELES,34.08999161,-118.3035359,299
PROSPECT MANOR,800 PROSPECT AVE,SOUTH PASADENA,CA,91030,99,LOS ANGELES,34.11663489,-118.1582246,99
REGENCY GRAND AT WEST COVINA,150 SOUTH GRAND AVENUE,WEST COVINA,CA,91791,160,LOS ANGELES,34.06980296,-117.8716036,160
GATEWAYS SATELLITE,437 NORTH HOOVER,LOS ANGELES,CA,90004,38,LOS ANGELES,34.07884019,-118.2844091,38
TWIN PALMS CARE HOME,3000 CAZADOR STREET,LOS ANGELES,CA,90065,26,LOS ANGELES,34.10377843,-118.2362786,26
CASA CARMEN THREE,"315 W. DAWSON AVENUE, STE. 103",GLENDORA,CA,91740,30,LOS ANGELES,34.11809452,-117.8681537,30
PARK GALE GUEST HOME,4760 W. 123RD STREET,HAWTHORNE,CA,90250,14,LOS ANGELES,33.92123404,-118.3603853,14
REDONDO BEACH ELDERLY HOME,18312 MANSEL AVENUE,REDONDO BEACH,CA,90278,12,LOS ANGELES,33.86429293,-118.3552621,12
VILLA APPIA,1661 APPIAN WAY,SANTA MONICA,CA,90401,12,LOS ANGELES,34.009615,-118.4941761,12
ALL SAINTS HEALTHCARE,11810 SATICOY ST,NORTH HOLLYWOOD,CA,91605,128,LOS ANGELES,34.20775189,-118.3907114,128
BEACON HEALTHCARE CENTER,919 N SUNSET AVE,WEST COVINA,CA,91790,54,LOS ANGELES,34.08738904,-117.9344835,54
BUENA VENTURA POST ACUTE CARE CENTER,1016 S RECORD AVE,LOS ANGELES,CA,90023,99,LOS ANGELES,34.02176364,-118.1824083,99
COUNTRY VILLA LOS FELIZ NURSING CENTER,3002 ROWENA AVE,LOS ANGELES,CA,90039,131,LOS ANGELES,34.10835765,-118.2700147,131
COUNTRY VILLA NORTH CONVALESCENT CENTER,3233 W PICO BLVD,LOS ANGELES,CA,90019,99,LOS ANGELES,34.04741158,-118.3133338,99
COUNTRY VILLA WILSHIRE CONVALESCENT CENTER,855 N FAIRFAX AVE,LOS ANGELES,CA,90046,81,LOS ANGELES,34.08694383,-118.3619698,81
EL RANCHO VISTA HEALTH CARE CENTER,8925 MINES AVE,PICO RIVERA,CA,90660,86,LOS ANGELES,33.99276627,-118.0905444,86
HARRIET HOUSE,24 W HARRIET,ALTADENA,CA,91001,12,LOS ANGELES,34.19021736,-118.1500465,12
HUNTINGTON DRIVE HEALTH AND REHABILITATION CENTER,400 W HUNTINGTON DR,ARCADIA,CA,91007,99,LOS ANGELES,34.13087005,-118.0466647,99
LONG BEACH CARE CENTER,2615 GRAND AVE,LONG BEACH,CA,90815,163,LOS ANGELES,33.80546554,-118.1472029,163
LONG BEACH POST ACUTE,1201 WALNUT AVE,LONG BEACH,CA,90813,78,LOS ANGELES,33.78180242,-118.172232,78
LOTUS CARE CENTER,6011 WEST BLVD,LOS ANGELES,CA,90043,40,LOS ANGELES,33.98493348,-118.3355412,40
LYNWOOD HEALTHCARE CENTER,3611 E IMPERIAL HWY,LYNWOOD,CA,90262,99,LOS ANGELES,33.93088316,-118.2048853,99
MOUNTAIN VIEW CONVALESCENT HOSPITAL,13333 FENTON AVE,SYLMAR,CA,91342,114,LOS ANGELES,34.31330923,-118.4254255,114
PELAGIA'S LEISURE HOME,6927 REMMET AVENUE,CANOGA PARK,CA,91303,12,LOS ANGELES,34.19643669,-118.6006077,12
PENN MAR THERAPEUTIC CENTER,3938 COGSWELL RD,EL MONTE,CA,91732,45,LOS ANGELES,34.0744319,-118.0122155,45
ROSE VILLA HEALTHCARE CENTER,9028 ROSE ST,BELLFLOWER,CA,90706,53,LOS ANGELES,33.86932231,-118.1414155,53
ROYAL OAKS CARE CENTER,3565 E IMPERIAL HWY,LYNWOOD,CA,90262,98,LOS ANGELES,33.93084752,-118.2064831,98
SHORELINE HEALTHCARE CENTER,4029 E ANAHEIM ST,LONG BEACH,CA,90804,75,LOS ANGELES,33.78283419,-118.1448543,75
SUMMERHILL RESIDENTIAL CARE HOME,215 NORTH HOLLY STREET,COMPTON,CA,90221,21,LOS ANGELES,33.89752293,-118.2021645,21
"TWO PALMS NURSING CENTER, INC.",2637 E WASHINGTON BLVD,PASADENA,CA,91107,50,LOS ANGELES,34.16959615,-118.0959351,50
VERDUGO VALLEY SKILLED NURSING & WELLNESS CENTRE,2635 HONOLULU AVE,MONTROSE,CA,91020,138,LOS ANGELES,34.20975927,-118.2367573,138
WEST VALLEY ASSISTED LIVING,7055 SHOUP AVENUE,WEST HILLS,CA,91307,90,LOS ANGELES,34.19844,-118.6150288,90
WINDSOR GARDENS CONVALESCENT HOSPITAL,915 CRENSHAW BLVD,LOS ANGELES,CA,90019,98,LOS ANGELES,34.05604312,-118.3226223,98
WOODMAN RETIREMENT CENTER,9120 WOODMAN AVENUE,ARLETA,CA,91331,150,LOS ANGELES,34.23611075,-118.4403383,150
"ROBERTS' GROUP HOME, INC.",1435 E GRAND AVE,POMONA,CA,91766,12,LOS ANGELES,34.04871335,-117.7274064,12
ATRIA PARK OF PACIFIC PALISADES,15441 WEST SUNSET BOULEVARD,PACIFIC PALISADES,CA,90272,60,LOS ANGELES,34.04848764,-118.5277597,60
VETERANS HOME OF CALIFORNIA - WEST LOS ANGELES,11500 NIMITZ AVENUE,LOS ANGELES,CA,90049,84,LOS ANGELES,34.05775317,-118.4640509,84
VISTA COVE AT ARCADIA,601 SUNSET BOULEVARD,ARCADIA,CA,91007,130,LOS ANGELES,34.13378059,-118.0668127,130
WILSHIRE VISTA MANOR,1015 S. ORANGE GROVE AVE.,LOS ANGELES,CA,90019,40,LOS ANGELES,34.0574957,-118.3633048,40
GATEWAYS NORMANDIE VILLAGE EAST,1355 SOUTH HILL STREET,LOS ANGELES,CA,90015,60,LOS ANGELES,34.03638089,-118.2632094,60
"EMANATE HEALTH INTER-COMMUNITY HOSPITAL, D/P SNF",210 W SAN BERNARDINO RD,COVINA,CA,91723,23,LOS ANGELES,34.08790418,-117.893524,23
DREIER'S NURSING CARE CENTER,1400 W GLENOAKS BLVD,GLENDALE,CA,91201,53,LOS ANGELES,34.16699932,-118.2847061,53
EAST LOS ANGELES DOCTORS HOSPITAL D/P SNF,4060 WHITTIER BLVD,LOS ANGELES,CA,90023,25,LOS ANGELES,34.02326467,-118.184334,25
ENCINO HOSPITAL MEDICAL CENTER,16237 VENTURA BLVD,ENCINO,CA,91436,28,LOS ANGELES,34.157139,-118.4869254,28
GEM TRANSITIONAL CARE CENTER,716 S FAIR OAKS AVE,PASADENA,CA,91105,75,LOS ANGELES,34.13331904,-118.1501644,75
GLENDALE MEMORIAL HOSPITAL AND HEALTH CTR. D/P SNF,1420 S CENTRAL AVE,GLENDALE,CA,91204,30,LOS ANGELES,34.12839302,-118.2568968,30
GLENDALE POST ACUTE CENTER,250 N VERDUGO RD,GLENDALE,CA,91206,136,LOS ANGELES,34.14971849,-118.2358222,136
GOOD SAMARITAN HOSPITAL D/P SNF,1225 WILSHIRE BLVD,LOS ANGELES,CA,90017,28,LOS ANGELES,34.05458103,-118.2650062,28
HOLLYWOOD PRESBYTERIAN MEDICAL CENTER D/P SNF,4636 FOUNTAIN AVE,LOS ANGELES,CA,90029,89,LOS ANGELES,34.0952568,-118.2908846,89
LOS ANGELES COMMUNITY HOSPITAL D/P SNF,4081 E OLYMPIC BLVD,LOS ANGELES,CA,90023,39,LOS ANGELES,34.01933258,-118.1866982,39
MAGNOLIA GARDENS CONVALESCENT HOSPITAL,17922 S F MISSION BLVD,GRANADA HILLS,CA,91344,99,LOS ANGELES,34.271421,-118.52518,99
MEMORIAL HOSPITAL OF GARDENA D/P SNF,1145 W REDONDO BEACH BLVD,GARDENA,CA,90247,69,LOS ANGELES,33.89299271,-118.2947515,69
MONTROSE HEALTHCARE CENTER,2123 VERDUGO BLVD,MONTROSE,CA,91020,59,LOS ANGELES,34.20514798,-118.2239573,59
PACIFICA HOSPITAL OF THE VALLEY D/P SNF,9449 SAN FERNANDO RD,SUN VALLEY,CA,91352,98,LOS ANGELES,34.24044028,-118.3960044,98
POMONA VALLEY HOSPITAL MEDICAL CENTER D/P SNF,1798 N GAREY AVE,POMONA,CA,91767,38,LOS ANGELES,34.0768531,-117.7507931,38
PROVIDENCE LITTLE COMPANY OF MARY TRANSITIONAL CARE CENTER,4320 MARICOPA ST,TORRANCE,CA,90503,115,LOS ANGELES,33.83912649,-118.3598823,115
SAINT FRANCIS MEDICAL CENTER D/P SNF,3630 E IMPERIAL HWY,LYNWOOD,CA,90262,30,LOS ANGELES,33.93084669,-118.2032425,30
SAINT VINCENT MEDICAL CENTER D/P SNF,2131 W 3RD ST,LOS ANGELES,CA,90057,27,LOS ANGELES,34.06374966,-118.2738288,27
SAN GABRIEL VALLEY MEDICAL CENTER D/P SNF,438 W LAS TUNAS DR,SAN GABRIEL,CA,91776,44,LOS ANGELES,34.1013141,-118.1055617,44
SPRINGVILLE,12755 TORCH STREET,BALDWIN PARK,CA,91706,39,LOS ANGELES,34.06773059,-117.9969532,39
TORRANCE MEMORIAL MEDICAL CENTER D/P SNF,3330 LOMITA BLVD,TORRANCE,CA,90505,40,LOS ANGELES,33.8118784,-118.3434696,40
WHITE MEMORIAL MEDICAL CENTER D/P SNF,1720 E CESAR E CHAVEZ AVE,LOS ANGELES,CA,90033,27,LOS ANGELES,34.04926197,-118.2164657,27
WHITTIER HOSPITAL MEDICAL CENTER D/P SNF,9080 COLIMA RD,WHITTIER,CA,90605,22,LOS ANGELES,33.95011157,-118.0039765,22
WOODS HEALTH SERVICES,2600 A ST,LA VERNE,CA,91750,74,LOS ANGELES,34.10472029,-117.7744289,74
BELLA MAR INC.,825 OCEAN AVE,SANTA MONICA,CA,90403,36,LOS ANGELES,34.02181191,-118.5065916,36
BROOKDALE UPTOWN WHITTIER,13250 E. PHILADELPHIA STREET,WHITTIER,CA,90601,280,LOS ANGELES,33.97874792,-118.0344489,280
GARFIELD CARE CENTER,1435 NORTH GARFIELD AVENUE,PASADENA,CA,91104,60,LOS ANGELES,34.17058668,-118.1441589,60
QUALITY CARE OPERATIONS,18831 TOPHAM STREET,TARZANA,CA,91335,15,LOS ANGELES,34.18089951,-118.5435251,15
ALAMEDA CARE CENTER,925 W ALAMEDA AVE,BURBANK,CA,91506,89,LOS ANGELES,34.16379654,-118.3129932,89
ALDEN TERRACE CONVALESCENT HOSPITAL,1240 S HOOVER ST,LOS ANGELES,CA,90006,210,LOS ANGELES,34.04847255,-118.2838887,210
CALIFORNIA POST-ACUTE CARE,3615 E IMPERIAL HWY,LYNWOOD,CA,90262,130,LOS ANGELES,33.93139403,-118.2041334,130
CASA BONITA CONVALESCENT HOSPITAL,535 E BONITA AVE,SAN DIMAS,CA,91773,106,LOS ANGELES,34.10742481,-117.7972981,106
CHATSWORTH PARK CARE CENTER,10610 OWENSMOUTH AVE,CHATSWORTH,CA,91311,128,LOS ANGELES,34.26322797,-118.6011346,128
"FLOWER VILLA, INC.",1480 S LA CIENEGA BLVD,LOS ANGELES,CA,90035,41,LOS ANGELES,34.05093379,-118.3759754,41
HIGHLAND PARK SKILLED NURSING & WELLNESS CENTRE,5125 MONTE VISTA ST,LOS ANGELES,CA,90042,59,LOS ANGELES,34.10839946,-118.2016926,59
ROYAL OAKS MANOR - BRADBURY OAKS,1763 ROYAL OAKS DR,DUARTE,CA,91010,48,LOS ANGELES,34.14438487,-117.9685145,48
ROYALWOOD CARE CENTER,22520 MAPLE AVE,TORRANCE,CA,90505,110,LOS ANGELES,33.82298517,-118.3398712,110
VERNON HEALTHCARE CENTER,1037 W VERNON AVE,LOS ANGELES,CA,90037,99,LOS ANGELES,34.00401997,-118.292803,99
VISTA DEL SOL CARE CENTER,11620 W WASHINGTON BLVD,LOS ANGELES,CA,90066,50,LOS ANGELES,33.99995154,-118.4171942,50
"ALHAMBRA HEALTHCARE & WELLNESS CENTRE, LP",415 S GARFIELD AVE,ALHAMBRA,CA,91801,97,LOS ANGELES,34.090355,-118.124177,97
ARARAT NURSING FACILITY,15099 MISSION HILLS RD,MISSION HILLS,CA,91345,254,LOS ANGELES,34.28243965,-118.4622849,254
ARTESIA CHRISTIAN HOME,18105 MUNDARE AVE,ARTESIA,CA,90701,28,LOS ANGELES,33.86688417,-118.0878478,28
BEACHWOOD POST-ACUTE & REHAB,1340 15TH STREET,SANTA MONICA,CA,90404,227,LOS ANGELES,34.02511169,-118.4856372,227
PACIFICA SENIOR LIVING HOLLYWOOD HILLS,1745 N GRAMERCY PLACE,LOS ANGELES,CA,90028,120,LOS ANGELES,34.1029882,-118.3126973,120
BROOKDALE SAN DIMAS,1740 S SAN DIMAS AVE,SAN DIMAS,CA,91773,45,LOS ANGELES,34.07844481,-117.8168958,45
CATALINA ISLAND MEDICAL CENTER D/P SNF,100 FALLS CANYON RD,AVALON,CA,90704,4,LOS ANGELES,33.33919014,-118.3307844,4
CENTINELA ASSISTED LIVING CENTRE,1000 S FLOWER ST,INGLEWOOD,CA,90301,96,LOS ANGELES,33.95061048,-118.3469576,96
CENTINELA SKILLED NURSING & WELLNESS CENTRE,950 S FLOWER ST,INGLEWOOD,CA,90301,59,LOS ANGELES,33.95058226,-118.3467071,59
COAST CARE CONVALESCENT CENTER,14518 E. LOS ANGELES,BALDWIN PARK,CA,91706,48,LOS ANGELES,34.091712,-117.9585879,48
"HEIGHTS INN, THE",2400 PANCHOY PL,LA HABRA HEIGHTS,CA,90631,14,LOS ANGELES,33.96785531,-117.9591962,14
IMPERIAL CARE CENTER,11441 VENTURA BLVD,STUDIO CITY,CA,91604,130,LOS ANGELES,34.13995558,-118.3803606,130
MELROSE CHATEAU,819 N POINSETTIA PL,LOS ANGELES,CA,90046,12,LOS ANGELES,34.08583758,-118.3489371,12
SUNNY HILLS ASSISTED LIVING-AL,8755 WEST OLYMPIC BLVD.,LOS ANGELES,CA,90035,90,LOS ANGELES,34.05965353,-118.3826642,90
"TERRACES AT PARK MARINO, THE",2587 E. WASHINGTON BLVD.,PASADENA,CA,91107,112,LOS ANGELES,34.16919713,-118.0971906,112
"VILLAS BY REGENCY PARK, THE",539 NORTH MENTOR AVE,PASADENA,CA,91106,72,LOS ANGELES,34.15536096,-118.1312155,72
WELLBROOK AT VALLEY VISTA,7040 VAN NUYS BLVD,VAN NUYS,CA,91405,164,LOS ANGELES,34.19866366,-118.4481147,164
WINDSOR,1230 EAST WINDSOR ROAD,GLENDALE,CA,91205,175,LOS ANGELES,34.13692997,-118.238739,175
